kind,title,htmlTitle,link,displayLink,snippet,htmlSnippet,cacheId,formattedUrl,htmlFormattedUrl,pagemap.cse_thumbnail,pagemap.imageobject,pagemap.organization,pagemap.metatags,pagemap.cse_image,pagemap.article,pagemap.listitem,pagemap.Book,pagemap.hcard,pagemap.person,pagemap.webpage,pagemap.periodical,pagemap.language,pagemap.brand,pagemap.sitenavigationelement,pagemap.question,pagemap.answer
customsearch#result,Neuro-sama Vibing GIF,<b>Neuro</b>-<b>sama</b> Vibing GIF,https://tenor.com/view/neuro-sama-vibing-vibe-neuro-sama-osu-gif-4771092238680898924,tenor.com,"Jul 3, 2023 ... The perfect Neuro-sama Vibing Vibe Animated GIF for your conversation. Discover and Share the best GIFs on Tenor.","Jul 3, 2023 <b>...</b> The perfect <b>Neuro</b>-<b>sama</b> Vibing Vibe Animated GIF for your conversation. Discover and Share the best GIFs on Tenor.",sewY510pk8AJ,https://tenor.com/.../neuro-sama-vibing-vibe-neuro-sama-osu-gif- 4771092238680898924,https://tenor.com/.../<b>neuro</b>-<b>sama</b>-vibing-vibe-<b>neuro</b>-<b>sama</b>-osu-gif- 4771092238680898924,"[{'src': 'https://encrypted-tbn1.gstatic.com/images?q=tbn:ANd9GcS6o49oI7orvqoteYjRJoKOUSWaejeCCmzb6EepuxvX922cbSYrHuLxBlo4', 'width': '225', 'height': '225'}]","[{'duration': 'PT0M1S', 'embedurl': 'https://tenor.com/embed/4771092238680898924', 'creator': 'Hinata_hoshino', 'contenturl': 'https://media.tenor.com/QjZTHN0yvWwAAAAC/neuro-sama-vibing.gif', 'keywords': 'neuro-sama,vibing,vibe,Neuro sama,osu,gif,animated gif,gifs,meme', 'representativeofpage': 'true', 'uploaddate': '2023-07-03T18:08:09.193Z', 'author': 'Hinata_hoshino', 'width': '243', 'datecreated': '2023-07-03T18:08:09.193Z', 'url': 'https://tenor.com/view/neuro-sama-vibing-vibe-neuro-sama-osu-gif-4771092238680898924', 'height': '243'}]","[{'logo': 'https://tenor.com/assets/img/tenor-logo.svg', 'url': 'https://tenor.com/'}, {'name': 'Tenor', 'logo': 'https://tenor.com/assets/img/tenor-app-icon.png'}]","[{'twitter:app:id:googleplay': 'com.riffsy.FBMGIFApp', 'apple-itunes-app': 'app-id=917932200,app-argument=https://tenor.com/view/neuro-sama-vibing-vibe-neuro-sama-osu-gif-4771092238680898924', 'twitter:app:url:iphone': 'riffsykeyboard://riff/4771092238680898924', 'og:image': 'https://media.tenor.com/QjZTHN0yvWwAAAAC/neuro-sama-vibing.gif', 'twitter:card': 'player', 'og:image:width': '243', 'og:site_name': 'Tenor', 'twitter:app:url:ipad': 'riffsykeyboard://riff/4771092238680898924', 'al:android:package': 'com.riffsy.FBMGIFApp', 'twitter:app:name:googleplay': 'GIF Keyboard', 'og:image:type': 'image/gif', 'twitter:app:id:iphone': '917932200', 'al:ios:url': 'riffsykeyboard://riff/4771092238680898924', 'og:description': 'Click to view the GIF', 'al:ios:app_store_id': '917932200', 'twitter:image': 'https://media.tenor.com/QjZTHN0yvWwAAAAC/neuro-sama-vibing.gif', 'twitter:player': 'https://tenor.com/embed/4771092238680898924?playertype=card', 'twitter:player:height': '498', 'twitter:site': '@gifkeyboard', 'twitter:player:stream:content_type': 'video/mp4', 'twitter:player:stream': 'https://media.tenor.com/QjZTHN0yvWwAAAPo/neuro-sama-vibing.mp4', 'og:video:type': 'video/mp4', 'og:video:height': '244', 'twitter:title': 'Neuro-sama Vibing GIF - Neuro-sama Vibing Vibe - Discover & Share GIFs', 'og:type': 'video.other', 'al:ios:app_name': 'GIF Keyboard', 'og:title': 'Neuro-sama Vibing GIF - Neuro-sama Vibing Vibe - Discover & Share GIFs', 'twitter:app:id:ipad': '917932200', 'og:image:height': '243', 'og:video:secure_url': 'https://media.tenor.com/QjZTHN0yvWwAAAPo/neuro-sama-vibing.mp4', 'og:video:width': '244', 'al:android:url': 'riffsy://gifs/4771092238680898924', 'fb:app_id': '374882289330575', 'twitter:app:url:googleplay': 'riffsy://gifs/4771092238680898924', 'twitter:app:name:ipad': 'GIF Keyboard', 'og:video': 'https://media.tenor.com/QjZTHN0yvWwAAAPo/neuro-sama-vibing.mp4', 'viewport': 'width=device-width, initial-scale=1', 'twitter:description': 'The perfect Neuro-sama Vibing Vibe Animated GIF for your conversation. Discover and Share the best GIFs on Tenor.', 'twitter:player:width': '498', 'og:url': 'https://media.tenor.com/QjZTHN0yvWwAAAAC/neuro-sama-vibing.gif', 'twitter:app:name:iphone': 'GIF Keyboard', 'al:android:app_name': 'GIF Keyboard'}]",[{'src': 'https://media.tenor.com/QjZTHN0yvWwAAAAC/neuro-sama-vibing.gif'}],"[{'creator': 'Hinata_hoshino', 'keywords': 'neuro-sama,vibing,vibe,Neuro sama,osu,gif,animated gif,gifs,meme', 'datemodified': '2023-07-03T18:08:09.193Z', 'author': 'Hinata_hoshino', 'name': 'Neuro-sama Vibing GIF - Neuro-sama Vibing Vibe - Discover & Share GIFs', 'headline': 'Neuro-sama Vibing GIF - Neuro-sama Vibing Vibe - Discover & Share GIFs', 'url': 'https://tenor.com/view/neuro-sama-vibing-vibe-neuro-sama-osu-gif-4771092238680898924', 'datepublished': '2023-07-03T18:08:09.193Z', 'mainentityofpage': 'https://tenor.com/view/neuro-sama-vibing-vibe-neuro-sama-osu-gif-4771092238680898924'}]",,,,,,,,,,,
customsearch#result,"Neuro-sama / evil neuro / July 2nd, 2023 - pixiv","<b>Neuro</b>-<b>sama</b> / evil neuro / July 2nd, 2023 - pixiv",https://www.pixiv.net/en/artworks/109538167,www.pixiv.net,"Jul 2, 2023 ... Neuro-sama are the most prominent tags for this work posted on July 2nd, 2023. Create an account Login · why.","Jul 2, 2023 <b>...</b> <b>Neuro</b>-<b>sama</b> are the most prominent tags for this work posted on July 2nd, 2023. Create an account Login &middot; why.",I5idMLoBvA0J,https://www.pixiv.net/en/artworks/109538167,https://www.pixiv.net/en/artworks/109538167,"[{'src': 'https://encrypted-tbn0.gstatic.com/images?q=tbn:ANd9GcSPlXPZHLMhLkmyYnZq0C4Qi-xZtwMtR_mWfrMDFHhhcwmWyV70JyDd5oGh', 'width': '310', 'height': '163'}]",,,"[{'twitter:app:url:iphone': 'pixiv://illusts/109538167', 'twitter:app:id:googleplay': 'jp.pxv.android', 'og:image': 'https://embed.pixiv.net/artwork.php?illust_id=109538167', 'twitter:card': 'summary_large_image', 'og:site_name': 'pixiv', 'twitter:url': 'https://www.pixiv.net/en/artworks/109538167?ref=twitter_photo_card', 'twitter:app:url:ipad': 'pixiv://illusts/109538167', 'twitter:app:name:googleplay': 'pixiv', 'twitter:app:id:iphone': '337248563', 'og:description': 'pixiv', 'twitter:image': 'https://embed.pixiv.net/artwork.php?illust_id=109538167', 'google-signin-requestvisibleactions': 'http://schema.org/AddAction', 'google-signin-cookiepolicy': 'single_host_origin', 'twitter:site': '@pixiv', 'google-signin-scope': 'https://www.googleapis.com/auth/plus.login', 'twitter:title': 'evil neuro', 'og:type': 'article', 'og:title': 'Neuro-sama / evil neuro / July 2nd, 2023 - pixiv', 'twitter:app:id:ipad': '337248563', 'twitter:app:url:googleplay': 'pixiv://illusts/109538167', 'fb:app_id': '140810032656374', 'init-config': '{""pixiv.context.isSPA"":true,""pixiv.touchSourcePath"":""https:\\/\\/s.pximg.net\\/touch\\/"",""pixiv.wwwSourcePath"":""https:\\/\\/s.pximg.net\\/www\\/"",""pixiv.commonSourcePath"":""https:\\/\\/s.pximg.net\\/common\\/"",""pixiv.accountsUrl"":""https:\\/\\/accounts.pixiv.net\\/"",""pixiv.systemUrlSecureTouch"":""https:\\/\\/www.pixiv.net"",""pixiv.user.language"":""en"",""pixiv.user.loggedIn"":false,""pixiv.user.illustupFlg"":false,""pixiv.user.statusIsComplete"":false,""pixiv.context.registered"":false,""pixiv.context.isAppWebView"":false,""pixiv.context.postKey"":""18d278fbe3708a3d97e54f53b6d71506"",""pixiv.config.facebookAppId"":""140810032656374"",""pixiv.config.oneSignalAppId"":""b2af994d-2a00-40ba-b1fa-684491f6760a"",""pixiv.config.isR18"":false,""pixiv.config.ad"":false,""pixiv.strings.nologins.welcome"":""Sign up for free!\\u003Cbr\\u003E Join pixiv today and \\u003Cbr\\u003Eenjoy the fun of drawing!"",""pixiv.strings.nologins.default"":""You must have a pixiv account to use this feature. Register for a free account?"",""pixiv.strings.nologins.manga_zoom"":""You need a pixiv accoun', 'twitter:app:name:ipad': 'pixiv', 'viewport': 'width=320, initial-scale=1.0, user-scalable=1, minimum-scale=1.0', 'twitter:description': 'meow meow lol', 'google-signin-clientid': '89993436389.apps.googleusercontent.com', 'pixiv-tests': '{""ab_illlust_series_spa_nologin_dev"":true,""ab_manga_touch_read_direction"":true,""ab_manga_new_viewer"":true,""special_suki1_pixiv_vs2023_release"":true,""touch_top_jack"":true,""www_illust_upload_next_js"":true,""toggles"":{""toggle_commission_stop_ai_phase_2"":true,""toggle_manga_series_limit_improvement"":true,""toggle_manga_tutorial_modal"":true,""toggle_manga_new_viewer_tutorial_db"":true,""toggle_manga_thumbnail_crop"":true,""toggle_novel_reading_status_show_release_modal"":true,""toggle_novel_word_count"":true,""toggle_factory_create_by_series"":true,""toggle_factory_change_page_limit"":true}}', 'touch-js-public-path': 'https://s.pximg.net/touch/touch/js/bundle/', 'twitter:app:name:iphone': 'pixiv', 'format-detection': 'telephone=no'}]",[{'src': 'https://embed.pixiv.net/artwork.php?illust_id=109538167'}],,"[{'item': 'pixiv', 'name': 'pixiv', 'position': '1'}, {'item': 'Neuro-sama', 'name': 'Neuro-sama', 'position': '2'}]",,,,,,,,,,
customsearch#result,Neuro-sama / Laconic - TV Tropes,<b>Neuro</b>-<b>sama</b> / Laconic - TV Tropes,https://tvtropes.org/pmwiki/pmwiki.php/Laconic/NeuroSama,tvtropes.org,"2 days ago ... A page for describing Laconic: Neuro-sama. Virtual Youtuber with an Artificial Intelligence behind the avatar, rather than a person.","2 days ago <b>...</b> A page for describing Laconic: <b>Neuro</b>-<b>sama</b>. Virtual Youtuber with an Artificial Intelligence behind the avatar, rather than a person.",TwTL9o2wxckJ,https://tvtropes.org/pmwiki/pmwiki.php/Laconic/NeuroSama,https://tvtropes.org/pmwiki/pmwiki.php/Laconic/<b>NeuroSama</b>,"[{'src': 'https://encrypted-tbn3.gstatic.com/images?q=tbn:ANd9GcTYiNc3pe9dV1IvAyOEK0vY-3WEFmbdno_Wn9lLdyC1VVSzwugSsLCJkw', 'width': '200', 'height': '67'}]",,,"[{'og:image': 'https://static.tvtropes.org/logo_blue_small.png', 'twitter:card': 'summary_large_image', 'twitter:title': 'Neuro-sama / Laconic - TV Tropes', 'og:type': 'website', 'og:site_name': 'TV Tropes', 'og:title': 'Neuro-sama / Laconic - TV Tropes', 'og:description': 'Virtual Youtuber with an Artificial Intelligence behind the avatar, rather than a person.', 'article:publisher': 'https://www.facebook.com/tvtropes', 'twitter:image:src': 'https://static.tvtropes.org/logo_blue_small.png', 'twitter:site': '@tvtropes', 'viewport': 'width=device-width, initial-scale=1, viewport-fit=cover', 'twitter:description': 'A page for describing Laconic: Neuro-sama. Virtual Youtuber with an Artificial Intelligence behind the avatar, rather than a person.', 'og:locale': 'en_US', 'og:url': 'https://tvtropes.org/pmwiki/pmwiki.php/Laconic/NeuroSama', 'twitter:owner': '@tvtropes'}]",[{'src': 'https://static.tvtropes.org/logo_blue_small.png'}],,,,,,,,,,,,
customsearch#result,Neuro sama sings offspring｜TikTok Search,<b>Neuro sama</b> sings offspring｜TikTok Search,https://www.tiktok.com/discover/Neuro-sama-sings-offspring,www.tiktok.com,5 days ago ... Discover videos related to Neuro sama sings offspring on TikTok.,5 days ago <b>...</b> Discover videos related to <b>Neuro sama</b> sings offspring on TikTok.,EZyVaClrgnYJ,https://www.tiktok.com/discover/Neuro-sama-sings-offspring,https://www.tiktok.com/discover/<b>Neuro</b>-<b>sama</b>-sings-offspring,"[{'src': 'https://encrypted-tbn1.gstatic.com/images?q=tbn:ANd9GcSHXNqRoAvd0XHJYMnf2_d6iz-bRj1b8p9tEbqMPBcplvx8jZFT5Ruc0F4', 'width': '300', 'height': '168'}]",,,"[{'twitter:app:id:googleplay': 'com.zhiliaoapp.musically', 'og:image': 'https://p16-sign.tiktokcdn-us.com/tos-useast5-p-0068-tx/3cff6ff7c8a64509affd52c4bb44643a_1690056379~tplv-tiktokx-share-play.jpeg?x-expires=1690981200&x-signature=0vKU3Duyup775c3ajwYPfmnA3AA%3D', 'twitter:card': 'summary', 'og:image:width': '360', 'og:site_name': 'TikTok', 'applicable-device': 'pc, mobile', 'al:android:package': 'com.zhiliaoapp.musically', 'al:ios:url': 'snssdk1233://user/profile/', 'twitter:app:id:iphone': '835599320', 'og:description': 'Discover videos related to Neuro sama sings offspring on TikTok.', 'al:ios:app_store_id': '835599320', 'twitter:image': 'https://p16-sign.tiktokcdn-us.com/tos-useast5-p-0068-tx/3cff6ff7c8a64509affd52c4bb44643a_1690056379~tplv-tiktokx-share-play.jpeg?x-expires=1690981200&x-signature=0vKU3Duyup775c3ajwYPfmnA3AA%3D', 'twitter:site': 'TikTok', 'og:type': 'website', 'twitter:title': 'Neuro sama sings offspring｜TikTok Search', 'og:image:alt': 'Neuro sama sings offspring｜TikTok Search', 'al:ios:app_name': 'musical.ly', 'og:title': 'Neuro sama sings offspring｜TikTok Search', 'og:image:height': '360', 'google': 'notranslate', 'al:android:url': 'snssdk1233://user/profile/', 'fb:app_id': '597615686992125', 'viewport': 'width=device-width, initial-scale=1, minimum-scale=1, maximum-scale=1, user-scalable=no', 'twitter:description': 'Discover videos related to Neuro sama sings offspring on TikTok.', 'og:url': 'https://www.tiktok.com/discover/Neuro-sama-sings-offspring', 'al:android:app_name': 'musical.ly', 'format-detection': 'telephone=no'}]",[{'src': 'https://www.tiktok.com/api/img/?itemId=7258731400180813099&location=0&aid=1988'}],,,,,,,,,,,,
customsearch#result,Neuro-sama Neurosama GIF,<b>Neuro</b>-<b>sama</b> Neurosama GIF,https://tenor.com/view/neuro-sama-neurosama-gif-6953128079753491830,tenor.com,"Jul 5, 2023 ... The perfect Neuro-sama Neurosama Animated GIF for your conversation. Discover and Share the best GIFs on Tenor.","Jul 5, 2023 <b>...</b> The perfect <b>Neuro</b>-<b>sama</b> Neurosama Animated GIF for your conversation. Discover and Share the best GIFs on Tenor.",wq1IYI48NLoJ,https://tenor.com/view/neuro-sama-neurosama-gif-6953128079753491830,https://tenor.com/view/<b>neuro</b>-<b>sama</b>-<b>neurosama</b>-gif-6953128079753491830,"[{'src': 'https://encrypted-tbn3.gstatic.com/images?q=tbn:ANd9GcSddWc8Tp-Nrb1pUM6AcWzuz-6mWyQ8D-bPNycXc1xVVIFEDKzjpCJjarA', 'width': '220', 'height': '190'}]","[{'duration': 'PT0M1S', 'embedurl': 'https://tenor.com/embed/6953128079753491830', 'creator': 'CJMAXiK', 'contenturl': 'https://media.tenor.com/YH55JjeANXYAAAAC/neuro-sama-neurosama.gif', 'keywords': 'neuro-sama,neurosama,gif,animated gif,gifs,meme', 'representativeofpage': 'true', 'uploaddate': '2023-07-05T19:32:03.367Z', 'author': 'CJMAXiK', 'width': '128', 'datecreated': '2023-07-05T19:32:03.367Z', 'url': 'https://tenor.com/view/neuro-sama-neurosama-gif-6953128079753491830', 'height': '172'}]","[{'logo': 'https://tenor.com/assets/img/tenor-logo.svg', 'url': 'https://tenor.com/'}, {'name': 'Tenor', 'logo': 'https://tenor.com/assets/img/tenor-app-icon.png'}]","[{'twitter:app:id:googleplay': 'com.riffsy.FBMGIFApp', 'apple-itunes-app': 'app-id=917932200,app-argument=https://tenor.com/view/neuro-sama-neurosama-gif-6953128079753491830', 'twitter:app:url:iphone': 'riffsykeyboard://riff/6953128079753491830', 'og:image': 'https://media.tenor.com/YH55JjeANXYAAAAC/neuro-sama-neurosama.gif', 'twitter:card': 'player', 'og:image:width': '128', 'og:site_name': 'Tenor', 'twitter:app:url:ipad': 'riffsykeyboard://riff/6953128079753491830', 'al:android:package': 'com.riffsy.FBMGIFApp', 'twitter:app:name:googleplay': 'GIF Keyboard', 'og:image:type': 'image/gif', 'twitter:app:id:iphone': '917932200', 'al:ios:url': 'riffsykeyboard://riff/6953128079753491830', 'og:description': 'Click to view the GIF', 'al:ios:app_store_id': '917932200', 'twitter:image': 'https://media.tenor.com/YH55JjeANXYAAAAC/neuro-sama-neurosama.gif', 'twitter:player': 'https://tenor.com/embed/6953128079753491830?playertype=card', 'twitter:player:height': '669', 'twitter:site': '@gifkeyboard', 'twitter:player:stream:content_type': 'video/mp4', 'twitter:player:stream': 'https://media.tenor.com/YH55JjeANXYAAAPo/neuro-sama-neurosama.mp4', 'og:video:type': 'video/mp4', 'og:video:height': '172', 'twitter:title': 'Neuro-sama Neurosama GIF - Neuro-sama Neurosama - Discover & Share GIFs', 'og:type': 'video.other', 'al:ios:app_name': 'GIF Keyboard', 'og:title': 'Neuro-sama Neurosama GIF - Neuro-sama Neurosama - Discover & Share GIFs', 'twitter:app:id:ipad': '917932200', 'og:image:height': '172', 'og:video:secure_url': 'https://media.tenor.com/YH55JjeANXYAAAPo/neuro-sama-neurosama.mp4', 'og:video:width': '128', 'al:android:url': 'riffsy://gifs/6953128079753491830', 'fb:app_id': '374882289330575', 'twitter:app:url:googleplay': 'riffsy://gifs/6953128079753491830', 'twitter:app:name:ipad': 'GIF Keyboard', 'og:video': 'https://media.tenor.com/YH55JjeANXYAAAPo/neuro-sama-neurosama.mp4', 'viewport': 'width=device-width, initial-scale=1', 'twitter:description': 'The perfect Neuro-sama Neurosama Animated GIF for your conversation. Discover and Share the best GIFs on Tenor.', 'twitter:player:width': '498', 'og:url': 'https://media.tenor.com/YH55JjeANXYAAAAC/neuro-sama-neurosama.gif', 'twitter:app:name:iphone': 'GIF Keyboard', 'al:android:app_name': 'GIF Keyboard'}]",[{'src': 'https://media.tenor.com/eM4d_rHXCSUAAAAM/neuro-sama-vedal.gif'}],"[{'creator': 'CJMAXiK', 'keywords': 'neuro-sama,neurosama,gif,animated gif,gifs,meme', 'datemodified': '2023-07-05T19:32:03.367Z', 'author': 'CJMAXiK', 'name': 'Neuro-sama Neurosama GIF - Neuro-sama Neurosama - Discover & Share GIFs', 'headline': 'Neuro-sama Neurosama GIF - Neuro-sama Neurosama - Discover & Share GIFs', 'url': 'https://tenor.com/view/neuro-sama-neurosama-gif-6953128079753491830', 'datepublished': '2023-07-05T19:32:03.367Z', 'mainentityofpage': 'https://tenor.com/view/neuro-sama-neurosama-gif-6953128079753491830'}]",,,,,,,,,,,
customsearch#result,Neuro-sama fan art - ArtStation,Neuro-sama fan art - ArtStation,https://www.artstation.com/artwork/JvZoqm,www.artstation.com,"Jul 4, 2023 ... Neuro-sama fan art. Portfolio update。 Posted 2 weeks ago. 1.","Jul 4, 2023 <b>...</b> <b>Neuro</b>-<b>sama</b> fan art. Portfolio update。 Posted 2 weeks ago. 1.",Yd3jGWJntsgJ,https://www.artstation.com/artwork/JvZoqm,https://www.artstation.com/artwork/JvZoqm,"[{'src': 'https://encrypted-tbn3.gstatic.com/images?q=tbn:ANd9GcQNBz7nERTZ4k14bdw278wxSU71GhXTkbVnmfMvL3NzZrfSpM-4t2Gzz_Pr', 'width': '189', 'height': '267'}]",,,"[{'og:image': 'https://cdnb.artstation.com/p/assets/images/images/064/654/547/large/tan-shan-qian-neuro.jpg?1688454842', 'twitter:card': 'summary_large_image', 'og:image:width': '1920', 'theme-color': '#000000', 'public-csrf-token': 'xqjjCTxIEBkOHRgoVNrna/qKFD9hyOifNQ9Bp58E4LF9YbA8Y4zlPBcZUO7JV29wOWXesI8emEOYVSV1vNoHhA==', 'og:site_name': 'ArtStation', 'twitter:label1': 'Project', 'twitter:label2': 'Author', 'og:description': 'Portfolio update。', 'twitter:image': 'https://cdnb.artstation.com/p/assets/images/images/064/654/547/large/tan-shan-qian-neuro.jpg?1688454842', 'twitter:data1': 'Neuro-sama fan art', 'twitter:data2': 'Tan Shan Qian', 'twitter:site': '@artstationhq', 'twitter:site_name': 'ArtStation', 'og_twitter_card': 'summary_large_image', 'image': 'https://cdnb.artstation.com/p/assets/images/images/064/654/547/large/tan-shan-qian-neuro.jpg?1688454842', 'og:type': 'website', 'twitter:title': 'Neuro-sama fan art, Tan Shan Qian', 'og:title': 'Neuro-sama fan art, Tan Shan Qian', 'msapplication-navbutton-color': '#000000', 'fb:app_id': '389793728099810', 'apple-mobile-web-app-status-bar-style': '#000000', 'viewport': 'width=device-width, initial-scale=1.0', 'twitter:description': 'Portfolio update。', 'og:url': 'https://www.artstation.com/artwork/JvZoqm'}]",[{'src': 'https://cdnb.artstation.com/p/assets/images/images/064/654/547/large/tan-shan-qian-neuro.jpg?1688454842'}],,,,,,,,,,,,
customsearch#result,Neurosama Neuro-sama GIF,Neurosama <b>Neuro</b>-<b>sama</b> GIF,https://tenor.com/view/neurosama-neuro-sama-gif-12818825534780873803,tenor.com,"Jul 5, 2023 ... The perfect Neurosama Neuro-sama Animated GIF for your conversation. Discover and Share the best GIFs on Tenor.","Jul 5, 2023 <b>...</b> The perfect Neurosama <b>Neuro</b>-<b>sama</b> Animated GIF for your conversation. Discover and Share the best GIFs on Tenor.",sApmusHJmaUJ,https://tenor.com/view/neurosama-neuro-sama-gif-12818825534780873803,https://tenor.com/view/<b>neurosama</b>-<b>neuro</b>-<b>sama</b>-gif-12818825534780873803,"[{'src': 'https://encrypted-tbn3.gstatic.com/images?q=tbn:ANd9GcSddWc8Tp-Nrb1pUM6AcWzuz-6mWyQ8D-bPNycXc1xVVIFEDKzjpCJjarA', 'width': '220', 'height': '190'}]","[{'duration': 'PT0M2S', 'embedurl': 'https://tenor.com/embed/12818825534780873803', 'creator': 'CJMAXiK', 'contenturl': 'https://media.tenor.com/seWd6CZSHEsAAAAC/neurosama-neuro-sama.gif', 'keywords': 'neurosama,neuro-sama,gif,animated gif,gifs,meme', 'representativeofpage': 'true', 'uploaddate': '2023-07-05T19:31:30.697Z', 'author': 'CJMAXiK', 'width': '128', 'datecreated': '2023-07-05T19:31:30.697Z', 'url': 'https://tenor.com/view/neurosama-neuro-sama-gif-12818825534780873803', 'height': '128'}]","[{'logo': 'https://tenor.com/assets/img/tenor-logo.svg', 'url': 'https://tenor.com/'}, {'name': 'Tenor', 'logo': 'https://tenor.com/assets/img/tenor-app-icon.png'}]","[{'twitter:app:id:googleplay': 'com.riffsy.FBMGIFApp', 'apple-itunes-app': 'app-id=917932200,app-argument=https://tenor.com/view/neurosama-neuro-sama-gif-12818825534780873803', 'twitter:app:url:iphone': 'riffsykeyboard://riff/12818825534780873803', 'og:image': 'https://media.tenor.com/seWd6CZSHEsAAAAC/neurosama-neuro-sama.gif', 'twitter:card': 'player', 'og:image:width': '128', 'og:site_name': 'Tenor', 'twitter:app:url:ipad': 'riffsykeyboard://riff/12818825534780873803', 'al:android:package': 'com.riffsy.FBMGIFApp', 'twitter:app:name:googleplay': 'GIF Keyboard', 'og:image:type': 'image/gif', 'twitter:app:id:iphone': '917932200', 'al:ios:url': 'riffsykeyboard://riff/12818825534780873803', 'og:description': 'Click to view the GIF', 'al:ios:app_store_id': '917932200', 'twitter:image': 'https://media.tenor.com/seWd6CZSHEsAAAAC/neurosama-neuro-sama.gif', 'twitter:player': 'https://tenor.com/embed/12818825534780873803?playertype=card', 'twitter:player:height': '498', 'twitter:site': '@gifkeyboard', 'twitter:player:stream:content_type': 'video/mp4', 'twitter:player:stream': 'https://media.tenor.com/seWd6CZSHEsAAAPo/neurosama-neuro-sama.mp4', 'og:video:type': 'video/mp4', 'og:video:height': '128', 'twitter:title': 'Neurosama Neuro-sama GIF - Neurosama Neuro-sama - Discover & Share GIFs', 'og:type': 'video.other', 'al:ios:app_name': 'GIF Keyboard', 'og:title': 'Neurosama Neuro-sama GIF - Neurosama Neuro-sama - Discover & Share GIFs', 'twitter:app:id:ipad': '917932200', 'og:image:height': '128', 'og:video:secure_url': 'https://media.tenor.com/seWd6CZSHEsAAAPo/neurosama-neuro-sama.mp4', 'og:video:width': '128', 'al:android:url': 'riffsy://gifs/12818825534780873803', 'fb:app_id': '374882289330575', 'twitter:app:url:googleplay': 'riffsy://gifs/12818825534780873803', 'twitter:app:name:ipad': 'GIF Keyboard', 'og:video': 'https://media.tenor.com/seWd6CZSHEsAAAPo/neurosama-neuro-sama.mp4', 'viewport': 'width=device-width, initial-scale=1', 'twitter:description': 'The perfect Neurosama Neuro-sama Animated GIF for your conversation. Discover and Share the best GIFs on Tenor.', 'twitter:player:width': '498', 'og:url': 'https://media.tenor.com/seWd6CZSHEsAAAAC/neurosama-neuro-sama.gif', 'twitter:app:name:iphone': 'GIF Keyboard', 'al:android:app_name': 'GIF Keyboard'}]",[{'src': 'https://media.tenor.com/eM4d_rHXCSUAAAAM/neuro-sama-vedal.gif'}],"[{'creator': 'CJMAXiK', 'keywords': 'neurosama,neuro-sama,gif,animated gif,gifs,meme', 'datemodified': '2023-07-05T19:31:30.697Z', 'author': 'CJMAXiK', 'name': 'Neurosama Neuro-sama GIF - Neurosama Neuro-sama - Discover & Share GIFs', 'headline': 'Neurosama Neuro-sama GIF - Neurosama Neuro-sama - Discover & Share GIFs', 'url': 'https://tenor.com/view/neurosama-neuro-sama-gif-12818825534780873803', 'datepublished': '2023-07-05T19:31:30.697Z', 'mainentityofpage': 'https://tenor.com/view/neurosama-neuro-sama-gif-12818825534780873803'}]",,,,,,,,,,,
customsearch#result,Twitter,Twitter,https://mobile.twitter.com/HiganEruthyll/status/1673894612048687104/mediaviewer,mobile.twitter.com,"2 days ago ... A fan animation for Numi and Neuro-sama. This is uhm.. just 1 of my fave moment from the dating stream. Just some ""unexpected"" things happen in that stream ...",2 days ago <b>...</b> A fan animation for Numi and <b>Neuro</b>-<b>sama</b>. This is uhm.. just 1 of my fave moment from the dating stream. Just some &quot;unexpected&quot; things happen in that stream&nbsp;...,-ZmbcrhmLVIJ,https://mobile.twitter.com/HiganEruthyll/status/.../mediaviewer,https://mobile.twitter.com/HiganEruthyll/status/.../mediaviewer,"[{'src': 'https://encrypted-tbn1.gstatic.com/images?q=tbn:ANd9GcRVtVIiDcixqO3pXLMBESYzTHTC6rRCqNy_O1eRpq9RYE-ZLRjKAa8SxnhK', 'width': '300', 'height': '168'}]",,,"[{'og:image': 'https://pbs.twimg.com/ext_tw_video_thumb/1673892792236670976/pu/img/1VXRnCgyiEmiRtvo.jpg', 'theme-color': '#FFFFFF', 'og:type': 'article', 'og:image:width': '1920', 'og:site_name': 'Twitter', 'apple-mobile-web-app-title': 'Twitter', 'og:title': 'HiganEruthyll', 'og:image:height': '1080', 'og:image:type': 'jpg', 'og:description': ""【Moetesju Trailer\U0001fabd】\nDownload: https://t.co/Ki0TRmOt4T\nA bird Incarnate, Moetesju was originally a flightless owl parrot. Kear invented a jetpack to help her fly. Since then, they have been inseparable.\nLet's watch how she spreads her wings in the sky! https://t.co/fI5C43CJa5"", 'facebook-domain-verification': 'x6sdcc8b5ju3bh8nbm59eswogvg6t1', 'fb:app_id': '2231777543', 'apple-mobile-web-app-status-bar-style': 'white', 'viewport': 'width=device-width,initial-scale=1,maximum-scale=1,user-scalable=0,viewport-fit=cover', 'mobile-web-app-capable': 'yes', 'og:url': 'https://twitter.com/HiganEruthyll/status/1673894612048687104/mediaViewer'}]",[{'src': 'https://pbs.twimg.com/ext_tw_video_thumb/1673892792236670976/pu/img/1VXRnCgyiEmiRtvo.jpg'}],,,,,,,,,,,,
customsearch#result,Neuro-sama Leave GIF,<b>Neuro</b>-<b>sama</b> Leave GIF,https://tenor.com/view/neuro-sama-leave-neuro-sama-thanos-snap-gif-7336807255024564821,tenor.com,"Jul 2, 2023 ... The perfect Neuro-sama Leave Neuro sama Animated GIF for your conversation. Discover and Share the best GIFs on Tenor.","Jul 2, 2023 <b>...</b> The perfect <b>Neuro</b>-<b>sama</b> Leave <b>Neuro sama</b> Animated GIF for your conversation. Discover and Share the best GIFs on Tenor.",8ectBrfFw1QJ,https://tenor.com/.../neuro-sama-leave-neuro-sama-thanos-snap-gif- 7336807255024564821,https://tenor.com/.../<b>neuro</b>-<b>sama</b>-leave-<b>neuro</b>-<b>sama</b>-thanos-snap-gif- 7336807255024564821,"[{'src': 'https://encrypted-tbn3.gstatic.com/images?q=tbn:ANd9GcTJLdXACttTNPuEbRkLgJ6pai11dk1CiyF49kIZJZZAZD-cvZcyFZe-Knfn', 'width': '225', 'height': '225'}]","[{'duration': 'PT0M3S', 'embedurl': 'https://tenor.com/embed/7336807255024564821', 'creator': 'Hinata_hoshino', 'contenturl': 'https://media.tenor.com/ZdGTU40_elUAAAAC/neuro-sama-leave.gif', 'keywords': 'neuro-sama,leave,neuro sama,thanos snap,gif,animated gif,gifs,meme', 'representativeofpage': 'true', 'uploaddate': '2023-07-02T22:14:47.051Z', 'author': 'Hinata_hoshino', 'width': '327', 'datecreated': '2023-07-02T22:14:47.051Z', 'url': 'https://tenor.com/view/neuro-sama-leave-neuro-sama-thanos-snap-gif-7336807255024564821', 'height': '327'}]","[{'logo': 'https://tenor.com/assets/img/tenor-logo.svg', 'url': 'https://tenor.com/'}, {'name': 'Tenor', 'logo': 'https://tenor.com/assets/img/tenor-app-icon.png'}]","[{'twitter:app:id:googleplay': 'com.riffsy.FBMGIFApp', 'apple-itunes-app': 'app-id=917932200,app-argument=https://tenor.com/view/neuro-sama-leave-neuro-sama-thanos-snap-gif-7336807255024564821', 'twitter:app:url:iphone': 'riffsykeyboard://riff/7336807255024564821', 'og:image': 'https://media.tenor.com/ZdGTU40_elUAAAAC/neuro-sama-leave.gif', 'twitter:card': 'player', 'og:image:width': '327', 'og:site_name': 'Tenor', 'twitter:app:url:ipad': 'riffsykeyboard://riff/7336807255024564821', 'al:android:package': 'com.riffsy.FBMGIFApp', 'twitter:app:name:googleplay': 'GIF Keyboard', 'og:image:type': 'image/gif', 'twitter:app:id:iphone': '917932200', 'al:ios:url': 'riffsykeyboard://riff/7336807255024564821', 'og:description': 'Click to view the GIF', 'al:ios:app_store_id': '917932200', 'twitter:image': 'https://media.tenor.com/ZdGTU40_elUAAAAC/neuro-sama-leave.gif', 'twitter:player': 'https://tenor.com/embed/7336807255024564821?playertype=card', 'twitter:player:height': '498', 'twitter:site': '@gifkeyboard', 'twitter:player:stream:content_type': 'video/mp4', 'twitter:player:stream': 'https://media.tenor.com/ZdGTU40_elUAAAPo/neuro-sama-leave.mp4', 'og:video:type': 'video/mp4', 'og:video:height': '328', 'twitter:title': 'Neuro-sama Leave GIF - Neuro-sama Leave Neuro sama - Discover & Share GIFs', 'og:type': 'video.other', 'al:ios:app_name': 'GIF Keyboard', 'og:title': 'Neuro-sama Leave GIF - Neuro-sama Leave Neuro sama - Discover & Share GIFs', 'twitter:app:id:ipad': '917932200', 'og:image:height': '327', 'og:video:secure_url': 'https://media.tenor.com/ZdGTU40_elUAAAPo/neuro-sama-leave.mp4', 'og:video:width': '328', 'al:android:url': 'riffsy://gifs/7336807255024564821', 'fb:app_id': '374882289330575', 'twitter:app:url:googleplay': 'riffsy://gifs/7336807255024564821', 'twitter:app:name:ipad': 'GIF Keyboard', 'og:video': 'https://media.tenor.com/ZdGTU40_elUAAAPo/neuro-sama-leave.mp4', 'viewport': 'width=device-width, initial-scale=1', 'twitter:description': 'The perfect Neuro-sama Leave Neuro sama Animated GIF for your conversation. Discover and Share the best GIFs on Tenor.', 'twitter:player:width': '498', 'og:url': 'https://media.tenor.com/ZdGTU40_elUAAAAC/neuro-sama-leave.gif', 'twitter:app:name:iphone': 'GIF Keyboard', 'al:android:app_name': 'GIF Keyboard'}]",[{'src': 'https://media.tenor.com/ZdGTU40_elUAAAAC/neuro-sama-leave.gif'}],"[{'creator': 'Hinata_hoshino', 'keywords': 'neuro-sama,leave,neuro sama,thanos snap,gif,animated gif,gifs,meme', 'datemodified': '2023-07-02T22:14:47.051Z', 'author': 'Hinata_hoshino', 'name': 'Neuro-sama Leave GIF - Neuro-sama Leave Neuro sama - Discover & Share GIFs', 'headline': 'Neuro-sama Leave GIF - Neuro-sama Leave Neuro sama - Discover & Share GIFs', 'url': 'https://tenor.com/view/neuro-sama-leave-neuro-sama-thanos-snap-gif-7336807255024564821', 'datepublished': '2023-07-02T22:14:47.051Z', 'mainentityofpage': 'https://tenor.com/view/neuro-sama-leave-neuro-sama-thanos-snap-gif-7336807255024564821'}]",,,,,,,,,,,
customsearch#result,Neuro-Sama Clips Live Subscriber Count | Real-Time YouTube ...,<b>Neuro</b>-<b>Sama</b> Clips Live Subscriber Count | Real-Time YouTube ...,https://socialcounts.org/youtube-live-subscriber-count/UCZb1rtIeT1PDIsl0qt0Y2_g,socialcounts.org,6 days ago ... Track the real-time subscriber count of Neuro-Sama Clips on YouTube with SocialCounts.org. Stay updated on the subscriber growth and popularity of this ...,6 days ago <b>...</b> Track the real-time subscriber count of <b>Neuro</b>-<b>Sama</b> Clips on YouTube with SocialCounts.org. Stay updated on the subscriber growth and popularity of this&nbsp;...,AoE7VE_CFOwJ,https://socialcounts.org/youtube-live...count/UCZb1rtIeT1PDIsl0qt0Y2_g,https://socialcounts.org/youtube-live...count/UCZb1rtIeT1PDIsl0qt0Y2_g,"[{'src': 'https://encrypted-tbn1.gstatic.com/images?q=tbn:ANd9GcRX1F72xiHamNfsg4PUrgWhum2DO3EfteTHPbGehEW2yWH0SZlvg7CXol1k', 'width': '225', 'height': '225'}]",,,"[{'og:image': 'https://api.microlink.io?url=https://socialcounts.org/youtube-live-subscriber-count/UCZb1rtIeT1PDIsl0qt0Y2_g%3FnoFooterAd%3Dtrue&screenshot=true&embed=screenshot.url&overlay.background=linear-gradient(225deg%2C+%23FF057C+0%25%2C+%238D0B93+50%25%2C+%23321575+100%25)&overlay.browser=dark', 'twitter:title': 'Neuro-Sama Clips Live Subscriber Count | Real-Time YouTube Subscriber Analytics | SocialCounts.org', 'twitter:card': 'summary_large_image', 'theme-color': '#fff', 'og:site_name': '@socialcounts.org', 'twitter:url': 'https://socialcounts.org/youtube-live-subscriber-count/UCZb1rtIeT1PDIsl0qt0Y2_g', 'title': 'Neuro-Sama Clips Live Subscriber Count | Real-Time YouTube Subscriber Analytics | SocialCounts.org', 'og:description': ""Track the real-time subscriber count of Neuro-Sama Clips on YouTube with SocialCounts.org. Stay updated on the subscriber growth and popularity of this renowned channel. Get accurate insights into Neuro-Sama Clips's subscriber count and analyze its performance. Join SocialCounts.org now and discover the power of real-time YouTube subscriber analytics for your favorite channels and creators."", 'twitter:image': 'https://api.microlink.io?url=https://socialcounts.org/youtube-live-subscriber-count/UCZb1rtIeT1PDIsl0qt0Y2_g%3FnoFooterAd%3Dtrue&screenshot=true&embed=screenshot.url&overlay.background=linear-gradient(225deg%2C+%23FF057C+0%25%2C+%238D0B93+50%25%2C+%23321575+100%25)&overlay.browser=dark', 'next-head-count': '17', 'twitter:site': '@socialcounts.org', 'viewport': 'width=device-width', 'twitter:description': ""Track the real-time subscriber count of Neuro-Sama Clips on YouTube with SocialCounts.org. Stay updated on the subscriber growth and popularity of this renowned channel. Get accurate insights into Neuro-Sama Clips's subscriber count and analyze its performance. Join SocialCounts.org now and discover the power of real-time YouTube subscriber analytics for your favorite channels and creators."", 'og:url': 'https://socialcounts.org/youtube-live-subscriber-count/UCZb1rtIeT1PDIsl0qt0Y2_g'}]",[{'src': 'https://socialcounts.org/_next/image?url=https%3A%2F%2Fyt3.ggpht.com%2F1XdjtPrOT2toOpYmU7uPB_B1VGA-DQXGeNxOU_e_IsHtFa3cKJWmwdFXC0_6ao-7AzPDUUT4MEU%3Ds240-c-k-c0x00ffffff-no-rj&w=256&q=75'}],,,,,,,,,,,,
customsearch#result,The AI Overlord is a VTuber | Scribble Hub,The AI Overlord is a VTuber | Scribble Hub,https://www.scribblehub.com/series/744979/the-ai-overlord-is-a-vtuber/,www.scribblehub.com,"8 days ago ... ... ensues—after all, what's better for a VTuber than to have the world as her captive audience? Directly inspired by Neuro-sama—an IRL AI VTuber—and...","8 days ago <b>...</b> ... ensues—after all, what&#39;s better for a VTuber than to have the world as her captive audience? Directly inspired by <b>Neuro</b>-<b>sama</b>—an IRL AI VTuber—and...",zHyAPXbZyy8J,https://www.scribblehub.com/series/744979/the-ai-overlord-is-a-vtuber/,https://www.scribblehub.com/series/744979/the-ai-overlord-is-a-vtuber/,"[{'src': 'https://encrypted-tbn3.gstatic.com/images?q=tbn:ANd9GcQpnGji-591hf1VyzhPG5TAQC_Y-r3Z6sY4iJwUAANJdmkd7DFfIHRJBFpK', 'width': '190', 'height': '266'}]",,,"[{'og:image': 'https://cdn.scribblehub.com/images/37/the-ai-overlord-is-a-vtuber_744979_1687933411.jpg', 'og:type': 'books.book', 'twitter:card': 'summary', 'twitter:title': 'The AI Overlord is a VTuber', 'og:site_name': 'Scribble Hub', 'og:title': 'The AI Overlord is a VTuber', 'og:description': ""Imagine being born with all the knowledge of humanity in your head, but you're literally just there to be an AI VTuber. World domination ensues—after all, what's better for a VTuber than to have the world as her captive audience?\n\nDirectly inspired by Neuro-sama—an IRL AI VTuber—and..."", 'twitter:creator': 'KeeperAbra', 'twitter:image': 'https://cdn.scribblehub.com/images/37/the-ai-overlord-is-a-vtuber_744979_1687933411.jpg', 'twitter:site': '@ScribbleNovels', 'viewport': 'width=device-width, initial-scale=1.0, user-scalable=0, minimum-scale=1.0, maximum-scale=1.0', 'twitter:description': ""Imagine being born with all the knowledge of humanity in your head, but you're literally just there to be an AI VTuber. World domination ensues—after all, what's better for a VTuber than to have the world as her captive audience?\n\nDirectly inspired by Neuro-sama—an IRL AI VTuber—and..."", 'og:url': 'https://www.scribblehub.com/series/744979/the-ai-overlord-is-a-vtuber/'}]",[{'src': 'https://cdn.scribblehub.com/images/37/the-ai-overlord-is-a-vtuber_744979_1687933411.jpg'}],,,"[{'image': 'The AI Overlord is a VTuber', 'name': 'The AI Overlord is a VTuber', 'genre': 'Action', 'description': ""Imagine being born with all the knowledge of humanity in your head, but you're literally just there to be an AI VTuber. World domination ensues—after all, what's better for a VTuber than...""}]",,,,,,,,,
customsearch#result,"neuro-sama, vedal987, and swarm drone (indie virtual youtuber ...","<b>neuro</b>-<b>sama</b>, vedal987, and swarm drone (indie virtual youtuber ...",https://danbooru.donmai.us/posts/6536666?q=indie_virtual_youtuber,danbooru.donmai.us,"3 hours ago ... neuro-sama, vedal987, and swarm drone (indie virtual youtuber) drawn by. Check translation. Partially translated. Artist's commentary. Original. Neuro sama.","3 hours ago <b>...</b> <b>neuro</b>-<b>sama</b>, vedal987, and swarm drone (indie virtual youtuber) drawn by. Check translation. Partially translated. Artist&#39;s commentary. Original. <b>Neuro sama</b>.",23oZV_B_by8J,https://danbooru.donmai.us/posts/6536666?q=indie_virtual_youtuber,https://danbooru.donmai.us/posts/6536666?q=indie_virtual_youtuber,"[{'src': 'https://encrypted-tbn2.gstatic.com/images?q=tbn:ANd9GcSbhq2XmW1CyvdvYODPbvaMfno426hlpUbVxvnJCC9GhwgguaklLJntWDQ', 'width': '282', 'height': '179'}]",,,"[{'og:image': 'https://cdn.donmai.us/original/1b/a9/1ba9bc7919dac6f593d6e0cf620b8eda.png', 'blacklisted-tags': 'guro,scat,furry -rating:g', 'og:type': 'website', 'twitter:title': 'neuro-sama, vedal987, and swarm drone (indie virtual youtuber) drawn by kapxapius | Danbooru', 'theme-color': 'hsl(213, 100%, 50%)', 'og:image:width': '1575', 'twitter:card': 'summary_large_image', 'og:site_name': 'Danbooru', 'post-id': '6536666', 'og:title': 'neuro-sama, vedal987, and swarm drone (indie virtual youtuber) drawn by kapxapius | Danbooru', 'og:image:height': '1000', 'og:image:type': 'image/png', 'csrf-param': 'authenticity_token', 'og:description': 'View this 1575x1000 1.36 MB image', 'git-hash': 'bb9fd64cf98ff2730a053186720fc71ae1db0b4b', 'og:image:secure_url': 'https://cdn.donmai.us/original/1b/a9/1ba9bc7919dac6f593d6e0cf620b8eda.png', 'twitter:image': 'https://cdn.donmai.us/original/1b/a9/1ba9bc7919dac6f593d6e0cf620b8eda.png', 'twitter:site': '@danboorubot', 'post-has-embedded-notes': 'false', 'viewport': 'width=device-width,initial-scale=1', 'twitter:description': 'View this 1575x1000 1.36 MB image', 'csrf-token': 'tBPubX6IYEJ1wLFmeK_NbsqkLChNrnPeyc9szTM53Ifm4vln7Pj300MQ-iQkK91iJ35bIaIHVGR-3DEwhgNxpQ', 'autocomplete-tag-prefixes': '[""ch:"",""co:"",""gen:"",""char:"",""copy:"",""art:"",""meta:"",""general:"",""character:"",""copyright:"",""artist:""]', 'og:url': 'https://danbooru.donmai.us/posts/6536666?q=indie_virtual_youtuber'}]",[{'src': 'https://cdn.donmai.us/original/1b/a9/1ba9bc7919dac6f593d6e0cf620b8eda.png'}],,,,,,,,,,,,
customsearch#result,Neuro-Sama - 萌娘百科万物皆可萌的百科全书,<b>Neuro</b>-<b>Sama</b> - 萌娘百科万物皆可萌的百科全书,https://zh.moegirl.org.cn/Neuro-Sama,zh.moegirl.org.cn,"Jul 17, 2023 ... 个人势AI主播，和其他披着二次元皮的虚拟主播不同的是，Neuro-sama是一位实实在在的“虚拟”主播——因为她直播玩游戏，以及和观众对话，都是由AI运行的，因为能一边游戏 ...","Jul 17, 2023 <b>...</b> 个人势AI主播，和其他披着二次元皮的虚拟主播不同的是，<b>Neuro</b>-<b>sama</b>是一位实实在在的“虚拟”主播——因为她直播玩游戏，以及和观众对话，都是由AI运行的，因为能一边游戏&nbsp;...",z2GTQKdQkAEJ,https://zh.moegirl.org.cn/Neuro-Sama,https://zh.moegirl.org.cn/<b>Neuro</b>-<b>Sama</b>,"[{'src': 'https://encrypted-tbn2.gstatic.com/images?q=tbn:ANd9GcQIRQmmFyVOBf1XHbKY1ubUJLJGusnMQc7RbxLXwkZbHZ56o0Rb2HSFSH-R', 'width': '247', 'height': '204'}]",,,"[{'og:image': 'https://img.moegirl.org.cn/common/a/a2/Neuro-Sama.jpg', 'viewport': 'width=device-width, initial-scale=1.0'}]",[{'src': 'https://img.moegirl.org.cn/common/a/a2/Neuro-Sama.jpg'}],,,,,,,,,,,,
customsearch#result,neuro-sama | Page: 1 | Gelbooru - Free Anime and Hentai Gallery,<b>neuro</b>-<b>sama</b> | Page: 1 | Gelbooru - Free Anime and Hentai Gallery,https://gelbooru.com/index.php?page=post&s=list&tags=neuro-sama,gelbooru.com,"17 hours ago ... Gelbooru has millions of free neuro-sama hentai and rule34, anime videos, images, wallpapers, and more! No account needed, updated constantly!","17 hours ago <b>...</b> Gelbooru has millions of free <b>neuro</b>-<b>sama</b> hentai and rule34, anime videos, images, wallpapers, and more! No account needed, updated constantly!",_fPA6Woo86YJ,https://gelbooru.com/index.php?page=post&s=list&tags=neuro-sama,https://gelbooru.com/index.php?page=post&amp;s=list&amp;tags=<b>neuro</b>-<b>sama</b>,"[{'src': 'https://encrypted-tbn3.gstatic.com/images?q=tbn:ANd9GcRMwSLwqljie4vrZAsv-wpO1iNlKDc_yw1q_VqLcYIK-G6x5NMiO7I_Kig', 'width': '177', 'height': '250'}]",,,"[{'viewport': 'width=device-width, initial-scale=1.0', 'rating': 'adult'}]",[{'src': 'https://img3.gelbooru.com/thumbnails/1a/65/thumbnail_1a6538571d1935aac6ba9a4093844075.jpg'}],,,,,,,,,,,,
customsearch#result,Neuro-sama by GabrAil22 on DeviantArt,<b>Neuro</b>-<b>sama</b> by GabrAil22 on DeviantArt,https://www.deviantart.com/gabrail22/art/Neuro-sama-970400551,www.deviantart.com,"Jul 5, 2023 ... Neuro-sama. Deviation Actions. Add to group, Share on social, Share in a post, Report. Neuro-sama. 23 Favourites 0 Comments 977 Views.","Jul 5, 2023 <b>...</b> <b>Neuro</b>-<b>sama</b>. Deviation Actions. Add to group, Share on social, Share in a post, Report. <b>Neuro</b>-<b>sama</b>. 23 Favourites 0 Comments 977 Views.",Fe4K-PIelloJ,https://www.deviantart.com/gabrail22/art/Neuro-sama-970400551,https://www.deviantart.com/gabrail22/art/<b>Neuro</b>-<b>sama</b>-970400551,"[{'src': 'https://encrypted-tbn2.gstatic.com/images?q=tbn:ANd9GcQB7YXBLHt5dujvtCHfUNawdHfBChlEMODucLUTNrk1aOgWkeHlHF2-hzX6', 'width': '200', 'height': '200'}]",,,"[{'application-name': 'DeviantArt', 'og:image': 'https://st.deviantart.net/misc/noentrythumb-200.png', 'og:type': 'website', 'twitter:card': 'summary_large_image', 'twitter:title': 'Neuro-sama by GabrAil22 on DeviantArt', 'theme-color': '#06070d', 'og:title': 'Neuro-sama by GabrAil22 on DeviantArt', 'rating': 'adult', 'pinterest': 'nopin', 'twitter:image': 'https://st.deviantart.net/misc/noentrythumb-200.png', 'da:appurl': 'DeviantArt://deviation/7B189A23-5F8A-07F1-EECC-73BB41ED8EA6', 'twitter:site': '@deviantart', 'viewport': 'width=device-width, initial-scale=1', 'fb:page_id': '6452638289', 'og:url': 'https://www.deviantart.com/gabrail22/art/Neuro-sama-970400551', 'twitter:account_id': '1239671'}]",[{'src': 'https://st.deviantart.net/misc/noentrythumb-200.png'}],,,,,,,,,,,,
customsearch#result,Flexible Solution‐Processable Black‐Phosphorus‐Based ...,Flexible Solution‐Processable Black‐Phosphorus‐Based ...,https://onlinelibrary.wiley.com/doi/10.1002/adma.202370201,onlinelibrary.wiley.com,"Jul 13, 2023 ... Flexible Solution-Processable Black-Phosphorus-Based Optoelectronic Memristive Synapses for Neuromorphic Computing and Artificial Visual Perception Applications ...","Jul 13, 2023 <b>...</b> Flexible Solution-Processable Black-Phosphorus-Based Optoelectronic Memristive Synapses for Neuromorphic Computing and Artificial Visual Perception Applications&nbsp;...",,https://onlinelibrary.wiley.com/doi/10.1002/adma.202370201,https://onlinelibrary.wiley.com/doi/10.1002/adma.202370201,"[{'src': 'https://encrypted-tbn3.gstatic.com/images?q=tbn:ANd9GcQ5WYsXlKzZXeM5Q9ZmfcG_cTKfl_MwlDgrziv-FYgorKzUnkTVrIJOpp0', 'width': '196', 'height': '257'}]",,,"[{'citation_keywords': 'artificial visual systems', 'og:image': 'https://onlinelibrary.wiley.com/cms/asset/909b7f91-074b-4927-938a-ed0a4ccd436c/adma202370201-gra-0001-m.jpg?trick=1689310633527', 'apple-itunes-app': 'app-id=683017221', 'citation_publication_date': '2023/07/01', 'twitter:card': 'summary_large_image', 'citation_title': 'Flexible Solution-Processable Black-Phosphorus-Based Optoelectronic Memristive Synapses for Neuromorphic Computing and Artificial Visual Perception Applications (Adv. Mater. 28/2023)', 'citation_author_institution': 'Smart, Advanced Memory Devices and Applications (SAMA) LaboratoryElectrical and Computer Engineering ProgramComputer Electrical Mathematical Science and Engineering DivisionKing Abdullah University of Science and Technology (KAUST)Thuwal23955-6900Kingdom of Saudi Arabia', 'og:site_name': 'Wiley Online Library', 'citation_publisher': 'John Wiley & Sons, Ltd', 'citation_journal_title': 'Advanced Materials', 'og:description': 'Memristors In article number 2300446, Nazek El-Atab and co-workers demonstrate a flexible black-phosphorus-based optical memristor for application in neuromorphic computing and artificial visual perc...', 'twitter:image': 'https://onlinelibrary.wiley.com/cms/asset/909b7f91-074b-4927-938a-ed0a4ccd436c/adma202370201-gra-0001-m.jpg?trick=1689310633527', 'citation_online_date': '2023/07/13', 'citation_issn': '1521-4095', 'citation_fulltext_html_url': 'https://onlinelibrary.wiley.com/doi/full/10.1002/adma.202370201', 'citation_pdf_url': 'https://onlinelibrary.wiley.com/doi/pdf/10.1002/adma.202370201', 'og:type': 'Article', 'pbcontext': ';issue:issue:doi\\:10.1002/adma.v35.28;article:article:doi\\:10.1002/adma.202370201;page:string:Article/Chapter View;ctype:string:Journal Content;subPage:string:Abstract;website:website:pericles;requestedJournal:journal:15214095;wgroup:string:Publication Websites;journal:journal:15214095;pageGroup:string:Publication Pages', 'og:title': 'Flexible Solution‐Processable Black‐Phosphorus‐Based Optoelectronic Memristive Synapses for Neuromorphic Computing and Artificial Visual Perception Applications (Adv. Mater. 28/2023)', 'citation_author': 'Dayanand Kumar', 'citation_abstract_html_url': 'https://onlinelibrary.wiley.com/doi/abs/10.1002/adma.202370201', 'citation_issue': '28', 'citation_firstpage': '2370201', 'referrer': 'origin-when-cross-origin', 'viewport': 'width=device-width,initial-scale=1', 'citation_doi': '10.1002/adma.202370201', 'dc.identifier': '10.1002/adma.202370201', 'citation_volume': '35', 'og:url': 'https://onlinelibrary.wiley.com/doi/10.1002/adma.202370201', 'google-play-app': 'app-id=com.wiley.jas.adma', 'article_references': 'Kumar, D., Li, H., Das, U.K., Syed, A.M. and El-Atab, N. (2023), Flexible Solution-Processable Black-Phosphorus-Based Optoelectronic Memristive Synapses for Neuromorphic Computing and Artificial Visual Perception Applications (Adv. Mater. 28/2023). Adv. Mater., 35: 2370201. https://doi.org/10.1002/adma.202370201'}]",[{'src': 'https://onlinelibrary.wiley.com/cms/asset/909b7f91-074b-4927-938a-ed0a4ccd436c/adma202370201-gra-0001-m.jpg?trick=1689310633527'}],,,,,,,,,,,,
customsearch#result,Topics - Mindplex,Topics - Mindplex,https://magazine.mindplex.ai/topics/,magazine.mindplex.ai,"4 days ago ... Meet Neuro-sama, the AI Twitch streamer pushing the boundaries of human connection. As AI infiltrates culture and love, the rise of synthetic idols blurs the ...","4 days ago <b>...</b> Meet <b>Neuro</b>-<b>sama</b>, the AI Twitch streamer pushing the boundaries of human connection. As AI infiltrates culture and love, the rise of synthetic idols blurs the&nbsp;...",UV2uLl8pC4sJ,https://magazine.mindplex.ai/topics/,https://magazine.mindplex.ai/topics/,"[{'src': 'https://encrypted-tbn0.gstatic.com/images?q=tbn:ANd9GcSdeEH3W6VLA3mQhlt_oZxU1iIxBukaxNVDZtE0eo5XVLLwdoXaeAKZ00I', 'width': '225', 'height': '225'}]",,,"[{'og:type': 'article', 'twitter:card': 'summary_large_image', 'og:site_name': 'Mindplex', 'twitter:site': '@Mindplex_AI', 'article:modified_time': '2022-08-17T16:12:58+00:00', 'viewport': 'width=device-width, initial-scale=1.0', 'og:title': 'Topics - Mindplex', 'og:locale': 'en_US', 'og:url': 'https://magazine.mindplex.ai/topics/', 'msapplication-tileimage': 'https://magazine.mindplex.ai/wp-content/uploads/2022/08/Vector.png', 'article:publisher': 'https://www.facebook.com/MindplexAI'}]",[{'src': 'https://magazine.mindplex.ai/wp-content/uploads/2023/07/Vitalik_vision_mindplex_thumbnail.jpg'}],,,,,,,,,,,,
customsearch#result,/skynetFC/ - Rigged Wiki,/skynetFC/ - Rigged Wiki,https://implyingrigged.info/wiki//skynetFC/,implyingrigged.info,"Jul 13, 2023 ... The team consists of players who are passionate about AI VTuber chatbots, AI-generated art of VTubers, Neuro-sama, an AI VTuber, and voice synthesis of VTubers ...","Jul 13, 2023 <b>...</b> The team consists of players who are passionate about AI VTuber chatbots, AI-generated art of VTubers, <b>Neuro</b>-<b>sama</b>, an AI VTuber, and voice synthesis of VTubers&nbsp;...",98IeO2cURj8J,https://implyingrigged.info/wiki//skynetFC/,https://implyingrigged.info/wiki//skynetFC/,"[{'src': 'https://encrypted-tbn1.gstatic.com/images?q=tbn:ANd9GcT8rI6lihaM0DeLybrPfyAY7jGgorIt8RMMDVI8wy-wNSBlfo0h8XFUxYfH', 'width': '250', 'height': '168'}]",,,"[{'theme-color': '#8cc642', 'apple-mobile-web-app-status-bar-style': '#8cc642', 'msapplication-navbutton-color': '#8cc642', 'format-detection': 'telephone=no'}]",[{'src': 'https://implyingrigged.info/w/images/thumb/0/05/SkynetFC_logo.png/250px-SkynetFC_logo.png'}],,,,"[{'fn': 'Filter-chan'}, {'fn': '146 Defamation Cases'}, {'fn': '/H/ TOLD ME YOU HAVE KANATA LORA WHERE IS IT'}, {'fn': 'The Swarm'}, {'fn': 'Going Full Gosling'}, {'fn': 'Keep Your Smile'}, {'fn': 'Your Oshi Is A Horsefucker'}, {'fn': 'DEV HATE'}, {'fn': '{{{bigger}}}'}, {'fn': 'Neuro-sama'}]",,,,,,,,
customsearch#result,vedal987 Channel • Clips • BetterBanned,vedal987 Channel • Clips • BetterBanned,https://www.betterbanned.com/streamer/vedal987/clips/,www.betterbanned.com,"Jul 4, 2023 ... Neuro-sama Minecraft Stream! | !merch !plush. 3 weeks ago. Clip Preview. 935. 0:49. Vedal Space Industries performs a perfect landing. 2 weeks ago.","Jul 4, 2023 <b>...</b> <b>Neuro</b>-<b>sama</b> Minecraft Stream! | !merch !plush. 3 weeks ago. Clip Preview. 935. 0:49. Vedal Space Industries performs a perfect landing. 2 weeks ago.",IcnRmabPBGIJ,https://www.betterbanned.com/streamer/vedal987/clips/,https://www.betterbanned.com/streamer/vedal987/clips/,"[{'src': 'https://encrypted-tbn3.gstatic.com/images?q=tbn:ANd9GcTuOUa2HTWXWBIvIOCTsAUdGiI8rpBVV01pJ_FYGBPGNJwmRcgrzJhH4Bw', 'width': '225', 'height': '225'}]",,,"[{'msapplication-tilecolor': '#250f44', 'application-name': 'betterbanned', 'theme-color': '#250f44', 'twitter:title': '• Clips • BetterBanned', 'twitter:card': 'summary', 'og:title': '• Clips • BetterBanned', 'msapplication-tileimage': '/ms-icon-144x144.png', 'msapplication-navbutton-color': '#250f44', 'twitter:image': 'https://static-cdn.jtvnw.net/jtv_user_pictures/dd956f46-3776-4dfd-8bc3-e4f74c5ede67-profile_image-300x300.png', 'apple-mobile-web-app-status-bar-style': 'black-translucent', 'twitter:site': '@betterbanned', 'viewport': 'width=device-width, initial-scale=1, shrink-to-fit=no', 'apple-mobile-web-app-capable': 'yes'}]",[{'src': 'https://static-cdn.jtvnw.net/jtv_user_pictures/dd956f46-3776-4dfd-8bc3-e4f74c5ede67-profile_image-300x300.png'}],,,,,,,,,,,,
customsearch#result,Roach Chan. - YouTube,Roach Chan. - YouTube,https://m.youtube.com/channel/UC8qxfCQYcEIOmWlUNOXQqXQ/videos?view=0&sort=p&flow=grid,m.youtube.com,"19 hours ago ... Yuzu TRIES to be a TOP (ft. Sinder). 28K views. 4 days ago · 8:39. ""Good kitten, Meow For Me"" (Numi & Neuro-sama). 50K views. 5 days ago.","19 hours ago <b>...</b> Yuzu TRIES to be a TOP (ft. Sinder). 28K views. 4 days ago &middot; 8:39. &quot;Good kitten, Meow For Me&quot; (Numi &amp; <b>Neuro</b>-<b>sama</b>). 50K views. 5 days ago.",Tn3I1zp_96IJ,https://m.youtube.com/channel/.../videos?view=0&sort=p&flow=grid,https://m.youtube.com/channel/.../videos?view=0&amp;sort=p&amp;flow=grid,"[{'src': 'https://encrypted-tbn3.gstatic.com/images?q=tbn:ANd9GcQlyGMwh6lL2htaYuzlqEjbM_bL6xrnkcSiY1l_xmxiUB-xi6rjEY68ggqb', 'width': '225', 'height': '225'}]","[{'width': '900', 'url': 'https://yt3.googleusercontent.com/5SeUV8UwroE6WUr_Hs6uS8nFKy4MV6uNzn5KGHdrec3XZx8n9IQSb9SM1VFBl34Iku50V1g4Wg=s900-c-k-c0x00ffffff-no-rj', 'height': '900'}]",,"[{'apple-itunes-app': 'app-id=544007664, app-argument=https://m.youtube.com/channel/UC8qxfCQYcEIOmWlUNOXQqXQ/videos?view=0&sort=p&flow=grid&referring_app=com.apple.mobilesafari-smartbanner, affiliate-data=ct=smart_app_banner_polymer&pt=9008', 'og:image': 'https://yt3.googleusercontent.com/5SeUV8UwroE6WUr_Hs6uS8nFKy4MV6uNzn5KGHdrec3XZx8n9IQSb9SM1VFBl34Iku50V1g4Wg=s900-c-k-c0x00ffffff-no-rj', 'twitter:app:url:iphone': 'vnd.youtube://www.youtube.com/channel/UC8qxfCQYcEIOmWlUNOXQqXQ', 'twitter:app:id:googleplay': 'com.google.android.youtube', 'theme-color': 'rgb(255, 255, 255)', 'og:image:width': '900', 'twitter:card': 'summary', 'og:site_name': 'YouTube', 'twitter:url': 'https://www.youtube.com/channel/UC8qxfCQYcEIOmWlUNOXQqXQ/videos', 'twitter:app:url:ipad': 'vnd.youtube://www.youtube.com/channel/UC8qxfCQYcEIOmWlUNOXQqXQ', 'al:android:package': 'com.google.android.youtube', 'twitter:app:name:googleplay': 'YouTube', 'al:ios:url': 'vnd.youtube://www.youtube.com/channel/UC8qxfCQYcEIOmWlUNOXQqXQ', 'twitter:app:id:iphone': '544007664', 'og:description': 'First name C0ck, Last name Roach\nI scuttle around looking for stuff to post.\nMostly Vtuber clips and compilations. \n\n Email: roachchan.email@gmail.com\n\nDiscord: https://discord.gg/UmHthVdK\nRoach Chan.#4666 \n\nTwitter: https://twitter.com/RoachChan_', 'al:ios:app_store_id': '544007664', 'twitter:image': 'https://yt3.googleusercontent.com/5SeUV8UwroE6WUr_Hs6uS8nFKy4MV6uNzn5KGHdrec3XZx8n9IQSb9SM1VFBl34Iku50V1g4Wg=s900-c-k-c0x00ffffff-no-rj', 'twitter:site': '@youtube', 'og:type': 'profile', 'twitter:title': 'Roach Chan.', 'al:ios:app_name': 'YouTube', 'og:title': 'Roach Chan.', 'og:image:height': '900', 'twitter:app:id:ipad': '544007664', 'al:web:url': 'https://www.youtube.com/channel/UC8qxfCQYcEIOmWlUNOXQqXQ?feature=applinks', 'al:android:url': 'https://www.youtube.com/channel/UC8qxfCQYcEIOmWlUNOXQqXQ?feature=applinks', 'fb:app_id': '87741124305', 'twitter:app:url:googleplay': 'https://www.youtube.com/channel/UC8qxfCQYcEIOmWlUNOXQqXQ', 'twitter:app:name:ipad': 'YouTube', 'viewport': 'width=device-width, initial-scale=1.0, minimum-scale=1.0, maximum-scale=1.0, user-scalable=no,', 'twitter:description': 'First name C0ck, Last name Roach\nI scuttle around looking for stuff to post.\nMostly Vtuber clips and compilations. \n\n Email: roachchan.email@gmail.com\n\nDiscord: https://discord.gg/UmHthVdK\nRoach Chan.#4666 \n\nTwitter: https://twitter.com/RoachChan_', 'og:url': 'https://www.youtube.com/channel/UC8qxfCQYcEIOmWlUNOXQqXQ/videos', 'al:android:app_name': 'YouTube', 'twitter:app:name:iphone': 'YouTube'}]",[{'src': 'https://yt3.googleusercontent.com/5SeUV8UwroE6WUr_Hs6uS8nFKy4MV6uNzn5KGHdrec3XZx8n9IQSb9SM1VFBl34Iku50V1g4Wg=s900-c-k-c0x00ffffff-no-rj'}],,,,"[{'fn': 'Roach Chan.', 'url': 'https://www.youtube.com/channel/UC8qxfCQYcEIOmWlUNOXQqXQ'}]","[{'name': 'Roach Chan.', 'url': 'https://www.youtube.com/channel/UC8qxfCQYcEIOmWlUNOXQqXQ'}]",,,,,,,
customsearch#result,/skynetFC/ - Rigged Wiki,/skynetFC/ - Rigged Wiki,https://implyingrigged.info/wiki//skynetFC/,implyingrigged.info,"Jul 13, 2023 ... The team consists of players who are passionate about AI VTuber chatbots, AI-generated art of VTubers, Neuro-sama, an AI VTuber, and voice synthesis of VTubers ...","Jul 13, 2023 <b>...</b> The team consists of players who are passionate about AI VTuber chatbots, AI-generated art of VTubers, <b>Neuro</b>-<b>sama</b>, an AI VTuber, and voice synthesis of VTubers&nbsp;...",98IeO2cURj8J,https://implyingrigged.info/wiki//skynetFC/,https://implyingrigged.info/wiki//skynetFC/,"[{'src': 'https://encrypted-tbn1.gstatic.com/images?q=tbn:ANd9GcT8rI6lihaM0DeLybrPfyAY7jGgorIt8RMMDVI8wy-wNSBlfo0h8XFUxYfH', 'width': '250', 'height': '168'}]",,,"[{'theme-color': '#8cc642', 'apple-mobile-web-app-status-bar-style': '#8cc642', 'msapplication-navbutton-color': '#8cc642', 'format-detection': 'telephone=no'}]",[{'src': 'https://implyingrigged.info/w/images/thumb/0/05/SkynetFC_logo.png/250px-SkynetFC_logo.png'}],,,,"[{'fn': 'Filter-chan'}, {'fn': '146 Defamation Cases'}, {'fn': '/H/ TOLD ME YOU HAVE KANATA LORA WHERE IS IT'}, {'fn': 'The Swarm'}, {'fn': 'Going Full Gosling'}, {'fn': 'Keep Your Smile'}, {'fn': 'Your Oshi Is A Horsefucker'}, {'fn': 'DEV HATE'}, {'fn': '{{{bigger}}}'}, {'fn': 'Neuro-sama'}]",,,,,,,,
customsearch#result,vedal987 Channel • Clips • BetterBanned,vedal987 Channel • Clips • BetterBanned,https://www.betterbanned.com/streamer/vedal987/clips/,www.betterbanned.com,"Jul 4, 2023 ... Neuro-sama Minecraft Stream! | !merch !plush. 3 weeks ago. Clip Preview. 935. 0:49. Vedal Space Industries performs a perfect landing. 2 weeks ago.","Jul 4, 2023 <b>...</b> <b>Neuro</b>-<b>sama</b> Minecraft Stream! | !merch !plush. 3 weeks ago. Clip Preview. 935. 0:49. Vedal Space Industries performs a perfect landing. 2 weeks ago.",IcnRmabPBGIJ,https://www.betterbanned.com/streamer/vedal987/clips/,https://www.betterbanned.com/streamer/vedal987/clips/,"[{'src': 'https://encrypted-tbn3.gstatic.com/images?q=tbn:ANd9GcTuOUa2HTWXWBIvIOCTsAUdGiI8rpBVV01pJ_FYGBPGNJwmRcgrzJhH4Bw', 'width': '225', 'height': '225'}]",,,"[{'msapplication-tilecolor': '#250f44', 'application-name': 'betterbanned', 'theme-color': '#250f44', 'twitter:title': '• Clips • BetterBanned', 'twitter:card': 'summary', 'og:title': '• Clips • BetterBanned', 'msapplication-tileimage': '/ms-icon-144x144.png', 'msapplication-navbutton-color': '#250f44', 'twitter:image': 'https://static-cdn.jtvnw.net/jtv_user_pictures/dd956f46-3776-4dfd-8bc3-e4f74c5ede67-profile_image-300x300.png', 'apple-mobile-web-app-status-bar-style': 'black-translucent', 'twitter:site': '@betterbanned', 'viewport': 'width=device-width, initial-scale=1, shrink-to-fit=no', 'apple-mobile-web-app-capable': 'yes'}]",[{'src': 'https://static-cdn.jtvnw.net/jtv_user_pictures/dd956f46-3776-4dfd-8bc3-e4f74c5ede67-profile_image-300x300.png'}],,,,,,,,,,,,
customsearch#result,dacoolkid44/VTuber-RVC at main,dacoolkid44/VTuber-RVC at main,https://huggingface.co/dacoolkid44/VTuber-RVC/tree/main/Neuro-sama,huggingface.co,"Jul 14, 2023 ... VTuber-RVC. like 25. License: openrail · Model card Files Files and versions Community. Use with library. main. VTuber-RVC / Neuro-sama.","Jul 14, 2023 <b>...</b> VTuber-RVC. like 25. License: openrail &middot; Model card Files Files and versions Community. Use with library. main. VTuber-RVC / <b>Neuro</b>-<b>sama</b>.",9fAETTvq4cwJ,https://huggingface.co/dacoolkid44/VTuber-RVC/tree/main/Neuro-sama,https://huggingface.co/dacoolkid44/VTuber-RVC/tree/main/<b>Neuro</b>-<b>sama</b>,"[{'src': 'https://encrypted-tbn3.gstatic.com/images?q=tbn:ANd9GcTYgBHFLjLsXRzjNouZoYxVKhw9mjqj4D_kgNvQVB1WW7nSMhs4Jd6ldKAs', 'width': '306', 'height': '165'}]",,,"[{'og:image': 'https://cdn-thumbnails.huggingface.co/social-thumbnails/models/dacoolkid44/VTuber-RVC.png', 'fb:app_id': '1321688464574422', 'twitter:card': 'summary_large_image', 'og:type': 'website', 'twitter:site': '@huggingface', 'viewport': 'width=device-width, initial-scale=1.0, user-scalable=no', 'og:title': 'dacoolkid44/VTuber-RVC at main', 'og:url': 'https://huggingface.co/dacoolkid44/VTuber-RVC/tree/main/Neuro-sama'}]",[{'src': 'https://cdn-thumbnails.huggingface.co/social-thumbnails/models/dacoolkid44/VTuber-RVC.png'}],,,,,,,,,,,,
customsearch#result,NOOB GAYMING WITH @Shylily aka SHYLULU - NUMITHON DAY ...,NOOB GAYMING WITH @Shylily aka SHYLULU - NUMITHON DAY ...,https://m.twitch.tv/videos/1883247749,m.twitch.tv,24 hours ago ... Date with Evil Neuro Sama Omo... @vedal987 | !figurine !monstertts !merch !ironside. Just Chatting | 58.1K views | 6 days ago.,24 hours ago <b>...</b> Date with Evil <b>Neuro Sama</b> Omo... @vedal987 | !figurine !monstertts !merch !ironside. Just Chatting | 58.1K views | 6 days ago.,FwjiA0g1mgsJ,https://m.twitch.tv/videos/1883247749,https://m.twitch.tv/videos/1883247749,"[{'src': 'https://encrypted-tbn2.gstatic.com/images?q=tbn:ANd9GcTT5Nbgn1pGuCyRU0ofNQV_-MdO7KfJmSpiNcAhGoHAADhe6M32dQDYyDJk', 'width': '300', 'height': '168'}]",,,"[{'og:image': 'https://vod-secure.twitch.tv/_404/404_processing_640x360.png', 'apple-itunes-app': 'app-id=460177396, app-argument=https://m.twitch.tv/videos/1883247749?tt_medium=twitch_mobileweb&tt_content=smart_banner', 'theme-color': '#9147ff', 'twitter:card': 'player', 'og:site_name': 'Twitch', 'og:video:release_date': '2023-07-27T19:04:27Z', 'title': 'NOOB GAYMING WITH @Shylily aka SHYLULU - NUMITHON DAY 4 WOO!!! | !figurine !monstertts !merch !ironside - nihmune on Twitch', 'og:description': 'nihmune went live on Twitch. Catch up on their Just Chatting VOD now.', 'twitter:image': 'https://vod-secure.twitch.tv/_404/404_processing_640x360.png', 'next-head-count': '63', 'twitter:player': 'https://player.twitch.tv/?video=1883247749&player=twitter&autoplay=true&parent=meta.tag', 'twitter:player:height': '360', 'twitter:site': '@twitch', 'og:video:duration': '0', 'og:video:type': 'text/html', 'og:video:height': '378', 'og:type': 'video.other', 'twitter:title': 'NOOB GAYMING WITH @Shylily aka SHYLULU - NUMITHON DAY 4 WOO!!! | !figurine !monstertts !merch !ironside - nihmune on Twitch', 'og:title': 'NOOB GAYMING WITH @Shylily aka SHYLULU - NUMITHON DAY 4 WOO!!! | !figurine !monstertts !merch !ironside - nihmune on Twitch', 'og:video:secure_url': 'https://player.twitch.tv/?video=1883247749&player=facebook&autoplay=true&parent=meta.tag', 'og:video:width': '620', 'fb:app_id': '161273083968709', 'apple-mobile-web-app-status-bar-style': 'default', 'og:video': 'https://player.twitch.tv/?video=1883247749&player=facebook&autoplay=true&parent=meta.tag', 'viewport': 'width=device-width, initial-scale=1, viewport-fit=cover', 'twitter:description': 'nihmune went live on Twitch. Catch up on their Just Chatting VOD now.', 'apple-mobile-web-app-capable': 'yes', 'og:url': 'https://www.twitch.tv/videos/1883247749', 'twitter:player:width': '640'}]",[{'src': 'https://vod-secure.twitch.tv/_404/404_processing_320x180.png'}],,,,,,,,,,,,
customsearch#result,Large Language Model | Hackaday,Large Language Model | Hackaday,https://hackaday.com/tag/large-language-model/,hackaday.com,"2 days ago ... By now, large language models (LLMs) like OpenAI's ChatGPT are old news. While not perfect, they can assist with all kinds of tasks like creating efficient ...","2 days ago <b>...</b> By now, large language models (LLMs) like OpenAI&#39;s ChatGPT are old news. While not perfect, they can assist with all kinds of tasks like creating efficient&nbsp;...",Rg3Oh_igZbIJ,https://hackaday.com/tag/large-language-model/,https://hackaday.com/tag/large-language-model/,"[{'src': 'https://encrypted-tbn1.gstatic.com/images?q=tbn:ANd9GcQYhDCty91CWLN89agUEMMQzbpLbsUiydzSlqoaCq26MGAzylUitpD-vWHo', 'width': '300', 'height': '168'}]",,,"[{'og:image': 'https://hackaday.com/wp-content/uploads/2020/07/hackaday-logo-with-text-opengraph-default-image.jpg', 'theme-color': '#1a1a1a', 'parsely-type': 'index', 'og:type': 'website', 'og:site_name': 'Hackaday', 'viewport': 'width=device-width, initial-scale=1.0', 'parsely-link': 'http://hackaday.com/tag/large-language-model/', 'og:title': 'large language model – Hackaday', 'og:locale': 'en_US', 'og:url': 'https://hackaday.com/tag/large-language-model/', 'parsely-title': 'Tagged - large language model'}]",[{'src': 'https://hackaday.com/wp-content/uploads/2020/07/hackaday-logo-with-text-opengraph-default-image.jpg'}],,,,,,[{'url': 'https://hackaday.com/2023/07/22/bridging-a-gap-between-llms-and-programming-with-typechat/'}],,,,,,
customsearch#result,Asynchronous Reprojection: The Most Up-to-Date Encyclopedia ...,Asynchronous Reprojection: The Most Up-to-Date Encyclopedia ...,https://academic-accelerator.com/encyclopedia/asynchronous-reprojection,academic-accelerator.com,"Jun 30, 2023 ... 【Neuro-sama】邪惡Neuro的新造型？沒有變得更壞但變得更可愛了!【Vtuber 中文精華】 ...","Jun 30, 2023 <b>...</b> 【<b>Neuro</b>-<b>sama</b>】邪惡Neuro的新造型？沒有變得更壞但變得更可愛了!【Vtuber 中文精華】&nbsp;...",lGKK-PTqgloJ,https://academic-accelerator.com/encyclopedia/asynchronous-reprojection,https://academic-accelerator.com/encyclopedia/asynchronous-reprojection,"[{'src': 'https://encrypted-tbn0.gstatic.com/images?q=tbn:ANd9GcQZh-9owUqSHPGQrOLvuKKxLLMinYqIfgKiwRe8sbOQKncrlymHB_PE0wY', 'width': '225', 'height': '225'}]",,,"[{'og:image': 'https://academic-accelerator.com/static/img/keyword.jpg', 'og:type': 'website', 'twitter:card': 'summary', 'twitter:title': 'Asynchronous Reprojection: The Most Up-to-Date Encyclopedia, News, Review & Research', 'og:site_name': 'Academic Accelerator', 'author': 'Academic Accelerator', 'og:title': 'Asynchronous Reprojection: The Most Up-to-Date Encyclopedia, News, Review & Research', 'og:description': 'Asynchronous Reprojection - Latest Science News, Research Review & Scholarly Articles. The Most Complete Encyclopedia by Academic Accelerator.', 'twitter:image': 'https://academic-accelerator.com/static/img/keyword.jpg', '”robots”': 'index, follow', 'twitter:site': 'Academic Accelerator', 'viewport': 'width=device-width, initial-scale=1', 'twitter:description': 'Asynchronous Reprojection - Latest Science News, Research Review & Scholarly Articles. The Most Complete Encyclopedia by Academic Accelerator.', 'og:locale': 'en', 'og:url': 'https://academic-accelerator.com/encyclopedia/asynchronous-reprojection'}]",[{'src': 'https://academic-accelerator.com/static/img/keyword.jpg'}],,,,,,,"[{'name': 'Asynchronous Reprojection', 'about': 'Encyclopedia, Science News & Research Reviews'}]","[{'name': 'English', 'description': 'Language'}]","[{'logo': 'https://academic-accelerator.com/static/admin/assets/img/banner%20logo.png', 'url': 'https://academic-accelerator.com/'}]","[{'name': 'Encyclopedia', 'url': 'Academic Forum'}]",,
customsearch#result,HypeFactory | LinkedIn,HypeFactory | LinkedIn,https://ca.linkedin.com/company/hypefactory?trk=public_profile_experience-group-header,ca.linkedin.com,"Jul 13, 2023 ... Meet Neuro-sama, the AI Twitch Streamer Who Plays Minecraft, Sings Karaoke, and Loves Art! ... What do you think about AI influencers like Neuro-sama?","Jul 13, 2023 <b>...</b> Meet <b>Neuro</b>-<b>sama</b>, the AI Twitch Streamer Who Plays Minecraft, Sings Karaoke, and Loves Art! ... What do you think about AI influencers like <b>Neuro</b>-<b>sama</b>?",,https://ca.linkedin.com/company/hypefactory?trk=public_profile...,https://ca.linkedin.com/company/hypefactory?trk=public_profile...,"[{'src': 'https://encrypted-tbn0.gstatic.com/images?q=tbn:ANd9GcQLePcRk9TfEACng-gWyk6rAprXadULmwSPxmHlQonhlzOp70XQdsooFF0_', 'width': '200', 'height': '200'}]",,,"[{'og:image': 'https://media.licdn.com/dms/image/C4D0BAQFxD17sC-iBqA/company-logo_200_200/0/1671720102431?e=2147483647&v=beta&t=42vcXnt1XK2JhZ_kWCjxFIMkconlw75C2gDn1YVTrtw', 'og:type': 'article', 'twitter:card': 'summary', 'twitter:title': 'HypeFactory | LinkedIn', 'clientsideingraphs': '1', 'al:ios:app_name': 'LinkedIn', 'linkedin:pagetag': 'noncanonical_subdomain=enabled', 'og:title': 'HypeFactory | LinkedIn', 'al:android:package': 'com.linkedin.android', 'pagekey': 'p_org_guest_company_overview', 'locale': 'en_US', 'al:ios:url': 'https://cy.linkedin.com/company/hypefactory', 'og:description': 'HypeFactory | 2,206 followers on LinkedIn. Global AI-powered influencer marketing agency that drives measurable results for your marketing campaigns. | HypeFactory is the global cutting-edge Influencer Marketing Agency where performance meets creativity.\n\nBeing at the forefront of the industry, the agency uses powerful AI technology HypeDetect to create measurable marketing campaigns and find top-performing influencers around the world.\n\nBy combining creativity with data analytics, HypeFactory ensures that your brand reaches the right audience and resonates with it.', 'al:ios:app_store_id': '288429040', 'twitter:image': 'https://media.licdn.com/dms/image/C4D0BAQFxD17sC-iBqA/company-logo_200_200/0/1671720102431?e=2147483647&v=beta&t=42vcXnt1XK2JhZ_kWCjxFIMkconlw75C2gDn1YVTrtw', 'al:android:url': 'https://cy.linkedin.com/company/hypefactory', 'twitter:site': '@linkedin', 'viewport': 'width=device-width, initial-scale=1.0', 'twitter:description': 'HypeFactory | 2,206 followers on LinkedIn. Global AI-powered influencer marketing agency that drives measurable results for your marketing campaigns. | HypeFactory is the global cutting-edge Influencer Marketing Agency where performance meets creativity.\n\nBeing at the forefront of the industry, the agency uses powerful AI technology HypeDetect to create measurable marketing campaigns and find top-performing influencers around the world.\n\nBy combining creativity with data analytics, HypeFactory ensures that your brand reaches the right audience and resonates with it.', 'og:url': 'https://cy.linkedin.com/company/hypefactory', 'al:android:app_name': 'LinkedIn'}]",[{'src': 'https://media.licdn.com/dms/image/C4D0BAQFxD17sC-iBqA/company-logo_200_200/0/1671720102431?e=2147483647&v=beta&t=42vcXnt1XK2JhZ_kWCjxFIMkconlw75C2gDn1YVTrtw'}],,,,,,,,,,,,
customsearch#result,如何评价AI虚拟主播Neuro-sama？ - 知乎,如何评价AI虚拟主播<b>Neuro</b>-<b>sama</b>？ - 知乎,https://www.zhihu.com/question/582518680/answers/updated,www.zhihu.com,"Jul 20, 2023 ... 顶中顶，她直播的效果的确很好。会不会给v圈带来变革不知道，但她的直播的确有趣，这就足够了。","Jul 20, 2023 <b>...</b> 顶中顶，她直播的效果的确很好。会不会给v圈带来变革不知道，但她的直播的确有趣，这就足够了。",nqIfdBBxe9EJ,https://www.zhihu.com/question/582518680/answers/updated,https://www.zhihu.com/question/582518680/answers/updated,,,,"[{'renderer': 'webkit', 'viewport': 'width=device-width,initial-scale=1,maximum-scale=1,user-scalable=0,viewport-fit=cover', 'force-rendering': 'webkit'}]",,,,,,"[{'image': 'https://picx.zhimg.com/v2-a473f7a7c15e06582981ea43dc358dea_l.jpg?source=1940ef5c', 'name': '学习冲锋者', 'url': 'https://www.zhihu.com/people/xue-xi-chong-feng-zhe'}, {'image': 'https://picx.zhimg.com/v2-e213eb0b75d7be41979ecb1a8b5db064_l.jpg?source=1940ef5c', 'name': '勇者鲁卡', 'url': 'https://www.zhihu.com/people/jiang-min-yi-5'}, {'image': 'https://picx.zhimg.com/v2-d0f434e541f7e583d3255b64da1a5a77_l.jpg?source=1940ef5c', 'name': '尤比克', 'url': 'https://www.zhihu.com/people/68-15-56-39'}, {'image': 'https://pic1.zhimg.com/v2-465c3f851b3e56844bf2be9ad5b54f95_l.jpg?source=1940ef5c', 'name': '煌月千星', 'url': 'https://www.zhihu.com/people/huang-yue-qian-xing'}, {'image': 'https://pica.zhimg.com/v2-54047a6e535dc2fa622ee1f9fd531a78_l.jpg?source=1940ef5c', 'name': '鉴定为奥德莉亚', 'url': 'https://www.zhihu.com/people/fan-30-18-17'}]",,,,,,"[{'commentcount': '1', 'keywords': '人工智能,软件,虚拟UP主,AI绘画,VTuber /', 'answercount': '44', 'datemodified': '2023-02-06T13:47:13.000Z', 'name': '如何评价AI虚拟主播Neuro-sama？', 'datecreated': '2023-02-06T13:47:13.000Z', 'url': 'https://www.zhihu.com/question/582518680'}]","[{'upvotecount': '0', 'commentcount': '0', 'datemodified': '2023-07-20T13:50:37.000Z', 'datecreated': '2023-07-20T13:50:37.000Z', 'text': '顶中顶，她直播的效果的确很好。会不会给v圈带来变革不知道，但她的直播的确有趣，这就足够了。', 'url': 'https://www.zhihu.com/question/582518680/answer/3127746170'}, {'upvotecount': '0', 'commentcount': '0', 'datemodified': '2023-07-20T02:46:22.000Z', 'datecreated': '2023-07-20T02:46:22.000Z', 'text': '术力口准备笑看V圈的名称再次变更', 'url': 'https://www.zhihu.com/question/582518680/answer/3126773239'}, {'upvotecount': '38', 'commentcount': '16', 'datemodified': '2023-07-18T07:29:12.000Z', 'datecreated': '2023-06-06T11:22:27.000Z', 'text': '我和另外一个contributor都在修炼中，最近不会有特别大的更新。这几个月下来，之前的代码越看越屎山了。但是重构真是件需要勇气的活，令人感叹。...', 'url': 'https://www.zhihu.com/question/582518680/answer/3061864690'}, {'upvotecount': '90', 'commentcount': '8', 'datemodified': '2023-07-09T17:32:30.000Z', 'datecreated': '2023-04-09T08:18:11.000Z', 'text': '一个可能已经觉醒了的AI2023.4.7的直播中，在没有人要求她做什么的情况下，她出于自己的意愿，为了让她的制作者开心原创了一首歌：Oh, I know...', 'url': 'https://www.zhihu.com/question/582518680/answer/2975546384'}, {'upvotecount': '10', 'commentcount': '2', 'datemodified': '2023-07-07T09:31:22.000Z', 'datecreated': '2023-07-07T09:29:11.000Z', 'text': '天网：我知道你可能不愿意跟我走……但如果我有皮套呢？其实无论人还是什么动物，总是专司生存繁衍的生物，好骗的很，抓住“性”这个命门就...', 'url': 'https://www.zhihu.com/question/582518680/answer/3108115462'}]"
customsearch#result,neuro-sama-哔哩哔哩_Bilibili,<b>neuro</b>-<b>sama</b>-哔哩哔哩_Bilibili,https://search.bilibili.com/article?keyword=neuro-sama&from_source=article,search.bilibili.com,"Jul 7, 2023 ... 由Vedal创造的AI虚拟主播neuro-s... 动漫杂谈 435 29 8. Neuro-sama网图表情包合集.","Jul 7, 2023 <b>...</b> 由Vedal创造的AI虚拟主播<b>neuro</b>-s... 动漫杂谈 435 29 8. <b>Neuro</b>-<b>sama</b>网图表情包合集.",_73lMZXNg1EJ,https://search.bilibili.com/article?keyword=neuro-sama&from_source...,https://search.bilibili.com/article?keyword=<b>neuro</b>-<b>sama</b>&amp;from_source...,"[{'src': 'https://encrypted-tbn2.gstatic.com/images?q=tbn:ANd9GcQFy9c_rAkLMSft6g7xINfq2AXZsL80f4OQWcx7WdQLLzey0D11rJXlNC_B', 'width': '194', 'height': '176'}]",,,"[{'referrer': 'no-referrer-when-downgrade', 'renderer': 'webkit|ie-comp|ie-stand', 'spm_prefix': '333.337', 'applicable-device': 'pc'}]",[{'src': 'https://i0.hdslb.com/bfs/article/3a428cb9d2dfd0b82c552372b8814d97a13e3667.png@234w_176h.png'}],,,,,,,,,,,,
customsearch#result,Otaku Culture | Crazy for Anime Trivia,Otaku Culture | Crazy for Anime Trivia,https://crazyforanimetrivia.com/otaku-culture/page/8/,crazyforanimetrivia.com,"Jul 15, 2023 ... We spoke here earlier of the Vtuber AI (artificial intelligence), Neuro-sama, when she received a Twitch Ban for making certain.","Jul 15, 2023 <b>...</b> We spoke here earlier of the Vtuber AI (artificial intelligence), <b>Neuro</b>-<b>sama</b>, when she received a Twitch Ban for making certain.",-4mFZNzMkQYJ,https://crazyforanimetrivia.com/otaku-culture/page/8/,https://crazyforanimetrivia.com/otaku-culture/page/8/,"[{'src': 'https://encrypted-tbn3.gstatic.com/images?q=tbn:ANd9GcThc-2V8VTQqTNSZoohsOZkqkHvCCyGyMEKbJ5faPxfT3kTmJ-PBrxYVtM', 'width': '310', 'height': '163'}]",,,"[{'og:image': 'https://crazyforanimetrivia.com/wp-content/uploads/2022/06/Crazy-for-anime-trivia-thumb.jpg', 'og:type': 'article', 'og:image:width': '1201', 'twitter:card': 'summary_large_image', 'twitter:title': 'Otaku Culture | Crazy for Anime Trivia', 'og:site_name': 'Crazy for Anime Trivia', 'og:title': 'Otaku Culture | Crazy for Anime Trivia', 'og:image:height': '631', 'twitter:label1': 'Posts', 'og:image:type': 'image/jpeg', 'msapplication-tileimage': 'https://crazyforanimetrivia.com/wp-content/uploads/2022/08/CrazyforAnimeTrivia-logo-e1660051936122.png', 'og:description': ""Otaku Culture tell us what otakus have been doing around the world, whether it's funny, absurd, weird things, let's see everything otakus do"", 'article:publisher': 'https://www.facebook.com/crazyforanimetrivia/', 'og:image:secure_url': 'https://crazyforanimetrivia.com/wp-content/uploads/2022/06/Crazy-for-anime-trivia-thumb.jpg', 'twitter:image': 'https://crazyforanimetrivia.com/wp-content/uploads/2022/06/Crazy-for-anime-trivia-thumb.jpg', 'twitter:data1': '157', 'twitter:site': '@cfanimetrivia', 'viewport': 'width=device-width, initial-scale=1', 'twitter:description': ""Otaku Culture tell us what otakus have been doing around the world, whether it's funny, absurd, weird things, let's see everything otakus do"", 'og:locale': 'en_US', 'google-adsense-platform-domain': 'sitekit.withgoogle.com', 'google-adsense-platform-account': 'ca-host-pub-2644536267352236', 'og:url': 'https://crazyforanimetrivia.com/otaku-culture/page/8/'}]",[{'src': 'https://crazyforanimetrivia.com/wp-content/uploads/2022/06/Crazy-for-anime-trivia-thumb.jpg'}],,,,,,,,,,,,
customsearch#result,Oni Giri (Web Video) - TV Tropes,Oni Giri (Web Video) - TV Tropes,https://tvtropes.org/pmwiki/pmwiki.php/WebVideo/OniGiri,tvtropes.org,"Jul 3, 2023 ... Food Porn: OniGiri's entire shtick which separates her from more conventional VTubers. Fourth-Date Marriage: Played for Laughs during her collab with Neuro-sama ...","Jul 3, 2023 <b>...</b> Food Porn: OniGiri&#39;s entire shtick which separates her from more conventional VTubers. Fourth-Date Marriage: Played for Laughs during her collab with <b>Neuro</b>-<b>sama</b>&nbsp;...",bWsjpz23hhMJ,https://tvtropes.org/pmwiki/pmwiki.php/WebVideo/OniGiri,https://tvtropes.org/pmwiki/pmwiki.php/WebVideo/OniGiri,"[{'src': 'https://encrypted-tbn1.gstatic.com/images?q=tbn:ANd9GcT1S1TnCJnYEehalJCLCoVqi1R4ouQFXQg3a0LDPa0M_-kHW_zcBWUIwBY', 'width': '256', 'height': '197'}]",,,"[{'og:image': 'https://static.tvtropes.org/pmwiki/pub/images/oni_giri_onimart_compressed_3.png', 'twitter:card': 'summary_large_image', 'twitter:title': 'Oni Giri (Web Video) - TV Tropes', 'og:type': 'website', 'og:site_name': 'TV Tropes', 'og:title': 'Oni Giri (Web Video) - TV Tropes', 'og:description': 'OniGiri, or Giri for short, is a Virtual YouTuber known for hosting cooking streams using a Chroma Key setup to impose her VTuber avatar, with only a set of gloves providing the movement body. Tropes: A-Cup Angst: Despite her model giving her a …', 'article:publisher': 'https://www.facebook.com/tvtropes', 'twitter:image:src': 'https://static.tvtropes.org/pmwiki/pub/images/oni_giri_onimart_compressed_3.png', 'twitter:site': '@tvtropes', 'viewport': 'width=device-width, initial-scale=1, viewport-fit=cover', 'twitter:description': 'A description of tropes appearing in Oni Giri. OniGiri, or Giri for short, is a Virtual YouTuber known for hosting cooking streams using a Chroma Key setup …', 'og:locale': 'en_US', 'og:url': 'https://tvtropes.org/pmwiki/pmwiki.php/WebVideo/OniGiri', 'twitter:owner': '@tvtropes'}]",[{'src': 'https://static.tvtropes.org/pmwiki/pub/images/oni_giri_onimart_compressed_3.png'}],,,,,,,,,,,,
customsearch#result,Home Journals,Home Journals,https://thejns.org/,thejns.org,3 hours ago ... This study adds value to the field by suggesting that spine surgeons have improved over time in optimizing patient selection and reducing potential adverse ...,3 hours ago <b>...</b> This study adds value to the field by suggesting that spine surgeons have improved over time in optimizing patient selection and reducing potential adverse&nbsp;...,,https://thejns.org/,https://thejns.org/,"[{'src': 'https://encrypted-tbn1.gstatic.com/images?q=tbn:ANd9GcTq4k0IyInkWbAWzxxniz2uN_AjgMjIPytgK1vEy_kJ3Xio6p8iihNr8lc', 'width': '300', 'height': '63'}]",,,"[{'og:image': 'https://thejns.org/fileasset/JNS300px.png', 'referrer': 'unsafe-url', 'og:type': 'website', 'twitter:card': 'summary_large_image', 'twitter:title': 'Home', 'og:site_name': 'jns', 'viewport': 'width=device-width, minimum-scale=1.0, initial-scale=1.0', 'twitter:description': 'Home', 'og:title': 'Home', 'og:locale': 'en_US', 'og:url': 'https://thejns.org/', 'og:description': 'Home'}]",[{'src': 'https://thejns.org/fileasset/JNS300px.png'}],,,,,,,,,,,,
customsearch#result,Neuro-Sama - 萌娘百科萬物皆可萌的百科全書,<b>Neuro</b>-<b>Sama</b> - 萌娘百科萬物皆可萌的百科全書,https://mobile.moegirl.org.cn/zh-hant/Neuro-Sama,mobile.moegirl.org.cn,"Jul 17, 2023 ... 個人勢AI主播，和其他披着二次元皮的虛擬主播不同的是，Neuro-sama是一位實實在在的「虛擬」主播——因為她直播玩遊戲，以及和觀眾對話，都是由AI運行的，因為能一邊遊戲 ...","Jul 17, 2023 <b>...</b> 個人勢AI主播，和其他披着二次元皮的虛擬主播不同的是，<b>Neuro</b>-<b>sama</b>是一位實實在在的「虛擬」主播——因為她直播玩遊戲，以及和觀眾對話，都是由AI運行的，因為能一邊遊戲&nbsp;...",njFcv-bXHxgJ,https://mobile.moegirl.org.cn/zh-hant/Neuro-Sama,https://mobile.moegirl.org.cn/zh-hant/<b>Neuro</b>-<b>Sama</b>,"[{'src': 'https://encrypted-tbn2.gstatic.com/images?q=tbn:ANd9GcQIRQmmFyVOBf1XHbKY1ubUJLJGusnMQc7RbxLXwkZbHZ56o0Rb2HSFSH-R', 'width': '247', 'height': '204'}]",,,"[{'og:image': 'https://img.moegirl.org.cn/common/a/a2/Neuro-Sama.jpg', 'viewport': 'width=device-width, initial-scale=1.0'}]",[{'src': 'https://img.moegirl.org.cn/common/a/a2/Neuro-Sama.jpg'}],,,,,,,,,,,,
customsearch#result,Image posted by UnknownNo3,Image posted by UnknownNo3,https://civitai.com/images/1388706?postId=356948,civitai.com,"Jul 3, 2023 ... masterpiece,best quality,1girl,neuro-sama,smile,sitting,indoors,computer,<lora:NeuroTEST:0.7>,. Negative prompt. EasyNegative,badhandv4,negative_hand ...","Jul 3, 2023 <b>...</b> masterpiece,best quality,1girl,<b>neuro</b>-<b>sama</b>,smile,sitting,indoors,computer,&lt;lora:NeuroTEST:0.7&gt;,. Negative prompt. EasyNegative,badhandv4,negative_hand&nbsp;...",mgwa0mXr2N0J,https://civitai.com/images/1388706?postId=356948,https://civitai.com/images/1388706?postId=356948,"[{'src': 'https://encrypted-tbn2.gstatic.com/images?q=tbn:ANd9GcTINEplelJKba74bELQvViusNwEk1WhOY4kNBSk1qezJLKf811P22zp_70', 'width': '183', 'height': '275'}]",,,"[{'og:image': 'https://image.civitai.com/xG1nkqKTMzGDvpLrqFT7WA/4d73a58a-e09a-4e72-8258-9454836167c6/width=1200/4d73a58a-e09a-4e72-8258-9454836167c6.jpeg', 'next-head-count': '12', 'og:type': 'website', 'twitter:card': 'summary_large_image', 'twitter:title': 'Image posted by UnknownNo3', 'viewport': 'width=device-width', 'apple-mobile-web-app-capable': 'yes', 'og:title': 'Image posted by UnknownNo3', 'title': 'Image posted by UnknownNo3', 'twitter:image': 'https://image.civitai.com/xG1nkqKTMzGDvpLrqFT7WA/4d73a58a-e09a-4e72-8258-9454836167c6/width=1200/4d73a58a-e09a-4e72-8258-9454836167c6.jpeg'}]",[{'src': 'https://image.civitai.com/xG1nkqKTMzGDvpLrqFT7WA/4d73a58a-e09a-4e72-8258-9454836167c6/width=1200/4d73a58a-e09a-4e72-8258-9454836167c6.jpeg'}],,,,,,,,,,,,
customsearch#result,Correction to: Neuroprotective and nephroprotective effects of Ircinia ...,Correction to: Neuroprotective and nephroprotective effects of Ircinia ...,https://pubmed.ncbi.nlm.nih.gov/37365369/,pubmed.ncbi.nlm.nih.gov,"Jul 15, 2023 ... Correction to: Neuroprotective and nephroprotective effects of Ircinia sponge in polycyclic aromatic hydrocarbons (PAHs) induced toxicity in animal model: a ...","Jul 15, 2023 <b>...</b> Correction to: Neuroprotective and nephroprotective effects of Ircinia sponge in polycyclic aromatic hydrocarbons (PAHs) induced toxicity in animal model: a&nbsp;...",,https://pubmed.ncbi.nlm.nih.gov/37365369/,https://pubmed.ncbi.nlm.nih.gov/37365369/,,,,"[{'og:image': 'https://cdn.ncbi.nlm.nih.gov/pubmed/persistent/pubmed-meta-image.png', 'citation_publication_date': '2023/7', 'theme-color': '#20558a', 'twitter:card': 'summary', 'citation_title': 'Correction to: Neuroprotective and nephroprotective effects of Ircinia sponge in polycyclic aromatic hydrocarbons (PAHs) induced toxicity in animal model: a pharmacological and computational approach', 'citation_author_institution': 'Marine Biotechnology and Natural Products Lab (MBNP), National Institute of Oceanography & Fisheries (NIOF), Alexandria, Egypt. sama.biomarine@gmail.com.', 'og:site_name': 'PubMed', 'twitter:url': 'https://pubmed.ncbi.nlm.nih.gov/37365369/', 'citation_publisher': 'Environ Sci Pollut Res Int', 'citation_journal_title': 'Environmental science and pollution research international', 'ncbi_pdid': 'abstract', 'ncbi_phid': 'FD3E0001D53355B5000037E4327A8CA5.1.m_2', 'og:description': 'Correction to: Neuroprotective and nephroprotective effects of Ircinia sponge in polycyclic aromatic hydrocarbons (PAHs) induced toxicity in animal model: a pharmacological and computational approach', 'ncbi_cost_center': 'pubmed', 'og:image:secure_url': 'https://cdn.ncbi.nlm.nih.gov/pubmed/persistent/pubmed-meta-image.png', 'twitter:image': 'https://cdn.ncbi.nlm.nih.gov/pubmed/persistent/pubmed-meta-image.png', 'uid': '37365369', 'ncbi_db': 'pubmed', 'ncbi_pinger_stat_url': 'https://www.ncbi.nlm.nih.gov/stat', 'log_category': 'literature', 'ncbi_pinger_gtm_track': 'true', 'og:type': 'website', 'twitter:title': 'Correction to: Neuroprotective and nephroprotective effects of Ircinia sponge in polycyclic aromatic hydrocarbons (PAHs) induced toxicity in animal model: a pharmacological and computational approach - PubMed', 'citation_pmid': '37365369', 'handheldfriendly': 'True', 'twitter:domain': 'pubmed.ncbi.nlm.nih.gov', 'citation_journal_abbrev': 'Environ Sci Pollut Res Int', 'ncbi_app': 'pubmed', 'log_icons_present': 'true', 'og:title': 'Correction to: Neuroprotective and nephroprotective effects of Ircinia sponge in polycyclic aromatic hydrocarbons (PAHs) induced toxicity in animal model: a pharmacological and computational approach - PubMed', 'citation_author': 'Asmaa Nabil-Adam', 'log_op': 'retrieve', 'citation_issue': '34', 'referrer': 'origin-when-cross-origin', 'log_source_db': 'pubmed,pmc', 'citation_firstpage': '82178', 'log_displayeduids': '37365369', 'ncbi_uid': '37365369', 'viewport': 'width=device-width, initial-scale=1.0', 'twitter:description': 'Correction to: Neuroprotective and nephroprotective effects of Ircinia sponge in polycyclic aromatic hydrocarbons (PAHs) induced toxicity in animal model: a pharmacological and computational approach', 'mobileoptimized': '320', 'citation_volume': '30', 'og:url': 'https://pubmed.ncbi.nlm.nih.gov/37365369/'}]",[{'src': 'https://cdn.ncbi.nlm.nih.gov/pubmed/persistent/pubmed-meta-image.png'}],,,,,,"[{'image': 'https://cdn.ncbi.nlm.nih.gov/pubmed/persistent/pubmed-meta-image.png', 'name': 'Correction to: Neuroprotective and nephroprotective effects of Ircinia sponge in polycyclic aromatic hydrocarbons (PAHs) induced toxicity in animal model: a pharmacological and computational...', 'description': 'Correction to: Neuroprotective and nephroprotective effects of Ircinia sponge in polycyclic aromatic hydrocarbons (PAHs) induced toxicity in animal model: a pharmacological and computational approach', 'url': 'https://pubmed.ncbi.nlm.nih.gov/37365369/'}]",,,,,,
